file;errore
atto_30.pdf;"Stage preprocess failed for run 1, pages [75]: std::bad_alloc
Stage preprocess failed for run 1, pages [76]: std::bad_alloc
Stage preprocess failed for run 1, pages [77]: std::bad_alloc
Stage preprocess failed for run 1, pages [78]: std::bad_alloc
Stage preprocess failed for run 1, pages [79]: 
Stage preprocess failed for run 1, pages [80]: 
Stage preprocess failed for run 1, pages [81]: 
Stage preprocess failed for run 1, pages [82]: 
Stage preprocess failed for run 1, pages [83]: [WinError -536870904] Windows Error 0xe0000008
Stage preprocess failed for run 1, pages [84]: 
Stage preprocess failed for run 1, pages [85]: [WinError -536870904] Windows Error 0xe0000008
Stage preprocess failed for run 1, pages [86]: 
Stage preprocess failed for run 1, pages [87]: 
Stage preprocess failed for run 1, pages [88]: 
Stage preprocess failed for run 1, pages [89]: 
Stage preprocess failed for run 1, pages [90]: 
Stage preprocess failed for run 1, pages [91]: 
Stage preprocess failed for run 1, pages [92]: [WinError -536870904] Windows Error 0xe0000008
Stage preprocess failed for run 1, pages [93]: [WinError -536870904] Windows Error 0xe0000008
Stage preprocess failed for run 1, pages [94]: [WinError -536870904] Windows Error 0xe0000008
Stage preprocess failed for run 1, pages [95]: [WinError -536870904] Windows Error 0xe0000008
Stage preprocess failed for run 1, pages [96]: [WinError -536870904] Windows Error 0xe0000008
Stage preprocess failed for run 1, pages [97]: [WinError -536870904] Windows Error 0xe0000008
Stage preprocess failed for run 1, pages [98]: [WinError -536870904] Windows Error 0xe0000008
Stage preprocess failed for run 1, pages [99]: [WinError -536870904] Windows Error 0xe0000008
Stage preprocess failed for run 1, pages [100]: [WinError -536870904] Windows Error 0xe0000008
Stage preprocess failed for run 1, pages [101]: [WinError -536870904] Windows Error 0xe0000008
Stage preprocess failed for run 1, pages [102]: [WinError -536870904] Windows Error 0xe0000008"
