nome_originale;percorso_originale;sha256;duplicato;duplicato_di;id_delibera;nome_assegnato;eliminato
atto_1.pdf;C:\Users\Ciro\Documents\Tirocinio\Input\atto_1.pdf;7ef390c0a9059c500b43796b26d4437813e0c3382b4791c9b94fac4645870346;0;;ATTO_001;atto_1.pdf;0
atto_2.pdf;C:\Users\Ciro\Documents\Tirocinio\Input\atto_2.pdf;fd757e651b2d1ee5ebfb3813fca1c892a30bb9ea577c9630e9073fcefda083bd;0;;ATTO_002;atto_2.pdf;0
atto_3.pdf;C:\Users\Ciro\Documents\Tirocinio\Input\atto_3.pdf;1c6b9e974bc763b4f1703c99be405bdf32bb25535317ad899d66b1c4c9cceee4;0;;ATTO_003;atto_3.pdf;0
atto_4.pdf;C:\Users\Ciro\Documents\Tirocinio\Input\atto_4.pdf;2919c328480c93393999a5b06754661f549be63c18eb10f31a49dcaa22979563;0;;ATTO_004;atto_4.pdf;0
atto_5.pdf;C:\Users\Ciro\Documents\Tirocinio\Input\atto_5.pdf;6f6ca746813fbb677a518fa7624b97e7ff3c6ecda782d40c0f69d9f109700dc8;0;;ATTO_005;atto_5.pdf;0
atto_6.pdf;C:\Users\Ciro\Documents\Tirocinio\Input\atto_6.pdf;79d90bab068e0867c443ce908422bcdc50106deb8fdaff1d2470271055a9322d;0;;ATTO_006;atto_6.pdf;0
atto_7.pdf;C:\Users\Ciro\Documents\Tirocinio\Input\atto_7.pdf;19d23f7f5e01277df2f35222758db8d7278e67edfe11010bf2e1ed452db56607;0;;ATTO_007;atto_7.pdf;0
atto_8.pdf;C:\Users\Ciro\Documents\Tirocinio\Input\atto_8.pdf;4a299051cb30a42146ce9c5573275347ee21cc85385f4830fc4300528b1b8102;0;;ATTO_008;atto_8.pdf;0
atto_9.pdf;C:\Users\Ciro\Documents\Tirocinio\Input\atto_9.pdf;cace7accbd410200a33ad0d2fe48b6759f5bf3d2e35cb69b0d4e187c04aa429f;0;;ATTO_009;atto_9.pdf;0
atto_10.pdf;C:\Users\Ciro\Documents\Tirocinio\Input\atto_10.pdf;556116255da464fe2a6c20e935ab9bfbdb465942d2dd8ef367069a53ffd8ef57;0;;ATTO_010;atto_10.pdf;0
atto_11.pdf;C:\Users\Ciro\Documents\Tirocinio\Input\atto_11.pdf;69ba6d50a254847a6b4ed1ae9beb94ea103ae488f3a381e00064cfae03df542e;0;;ATTO_011;atto_11.pdf;0
atto_12.pdf;C:\Users\Ciro\Documents\Tirocinio\Input\atto_12.pdf;ab6cd4ad0bab44afe1ae38fe4b1298c853232137df07a7d357230cc417b07d4e;0;;ATTO_012;atto_12.pdf;0
atto_13.pdf;C:\Users\Ciro\Documents\Tirocinio\Input\atto_13.pdf;bac99720a7414b215986c1992f2a42feba00550bbf5ef8369368fcd490a4a42e;0;;ATTO_013;atto_13.pdf;0
atto_14.pdf;C:\Users\Ciro\Documents\Tirocinio\Input\atto_14.pdf;8ed552f95db722642f4038c78186b5080708479044219f1feb1650ebfb9916a3;0;;ATTO_014;atto_14.pdf;0
atto_15.pdf;C:\Users\Ciro\Documents\Tirocinio\Input\atto_15.pdf;e3ad8c11d0dc434480b233ca1cc178ac0c7026c8b6df2835a92c3d0dfb63d998;0;;ATTO_015;atto_15.pdf;0
atto_16.pdf;C:\Users\Ciro\Documents\Tirocinio\Input\atto_16.pdf;8a46272312184c3a1fc95114e9542724eb764d4c4e8680a32582e96aa9d9c7ed;0;;ATTO_016;atto_16.pdf;0
atto_17.pdf;C:\Users\Ciro\Documents\Tirocinio\Input\atto_17.pdf;f65218b3ca81fbb417442de20ab65f992e2fa5e3b423c0b946d97ada3b678c85;0;;ATTO_017;atto_17.pdf;0
atto_18.pdf;C:\Users\Ciro\Documents\Tirocinio\Input\atto_18.pdf;d57dea26964722a4b4085b0a4d1869531db411d8626ed72ddc1eab89144e61d1;0;;ATTO_018;atto_18.pdf;0
atto_19.pdf;C:\Users\Ciro\Documents\Tirocinio\Input\atto_19.pdf;8414f59534ef6d142e9a8851e4b6bc7f45a31e429da171fb218e18df1be2c20a;0;;ATTO_019;atto_19.pdf;0
atto_20.pdf;C:\Users\Ciro\Documents\Tirocinio\Input\atto_20.pdf;fe703860c5c7d6daf501dbba51ba5a1f8560d43b8ab87854998cd38e0748fef4;0;;ATTO_020;atto_20.pdf;0
atto_21.pdf;C:\Users\Ciro\Documents\Tirocinio\Input\atto_21.pdf;175e91f58ca4f21f6e4dcac9ade0210dbbd40c10ca01e55ebaf25546eb0f6308;0;;ATTO_021;atto_21.pdf;0
atto_22.pdf;C:\Users\Ciro\Documents\Tirocinio\Input\atto_22.pdf;f5c46efd11a02297012d4c8a868e553a17dae4c1e2da5bbc105b05cffb16c2dd;0;;ATTO_022;atto_22.pdf;0
atto_23.pdf;C:\Users\Ciro\Documents\Tirocinio\Input\atto_23.pdf;522e00bbcb233db7fd1bb20fdc277fb2bf82792d25c872e0db2c869c5236268e;0;;ATTO_023;atto_23.pdf;0
atto_24.pdf;C:\Users\Ciro\Documents\Tirocinio\Input\atto_24.pdf;0b8789e6f0b5243c7a2f1d95c17baefb80faca7604ea087181281bca53f30678;0;;ATTO_024;atto_24.pdf;0
atto_25.pdf;C:\Users\Ciro\Documents\Tirocinio\Input\atto_25.pdf;da022946296ff216918c08a31ee24569aae5792b4d2b8f8b58fe04f53d525c95;0;;ATTO_025;atto_25.pdf;0
atto_26.pdf;C:\Users\Ciro\Documents\Tirocinio\Input\atto_26.pdf;b4a873c7adeb92e07eb92e612a2753fd9401c3cd96e6472dee5bcba48815e065;0;;ATTO_026;atto_26.pdf;0
atto_27.pdf;C:\Users\Ciro\Documents\Tirocinio\Input\atto_27.pdf;532c1b5048293ef3630b185a022ffabcd574a1c80be2e02585b92a2d5ef7c376;0;;ATTO_027;atto_27.pdf;0
atto_28.pdf;C:\Users\Ciro\Documents\Tirocinio\Input\atto_28.pdf;e166ad65ab97f019d610fc785d61d4aa7ba9b01a16f2e7ba361b8dc50cde070e;0;;ATTO_028;atto_28.pdf;0
atto_29.pdf;C:\Users\Ciro\Documents\Tirocinio\Input\atto_29.pdf;861d7f972d1e65c15df37a28b88839281c5991e926fed465da85fa7b1c9fbbdf;0;;ATTO_029;atto_29.pdf;0
atto_30.pdf;C:\Users\Ciro\Documents\Tirocinio\Input\atto_30.pdf;86b9daa766d6f7f7c03d8c3ebd5777f433a3e22e67ce21fa90a72150525d8c5a;0;;ATTO_030;atto_30.pdf;0
atto_31.pdf;C:\Users\Ciro\Documents\Tirocinio\Input\atto_31.pdf;d466eaab840277b200e1fc736921145a8e39e891d170671e64c8088bc3e36c87;0;;ATTO_031;atto_31.pdf;0
atto_32.pdf;C:\Users\Ciro\Documents\Tirocinio\Input\atto_32.pdf;6eae2b72355fbe70d59395910b5ecfd2aedb36f9df1a492067c1c141a4d39e2e;0;;ATTO_032;atto_32.pdf;0
atto_33.pdf;C:\Users\Ciro\Documents\Tirocinio\Input\atto_33.pdf;1568a1c5b49fa50a1f4c3654ec52055754eb2207d2a65521a30500c24364ab81;0;;ATTO_033;atto_33.pdf;0
atto_34.pdf;C:\Users\Ciro\Documents\Tirocinio\Input\atto_34.pdf;c8b8b6054e21cbc30b56c0c2de1052467a92b8a31bdf11bc4d5811172a16086b;0;;ATTO_034;atto_34.pdf;0
atto_35.pdf;C:\Users\Ciro\Documents\Tirocinio\Input\atto_35.pdf;84d40019eadf5b6d6f5e5971499072c7054b048c4cfaa8fec068602c88e2ab8f;0;;ATTO_035;atto_35.pdf;0
atto_36.pdf;C:\Users\Ciro\Documents\Tirocinio\Input\atto_36.pdf;ef50dff3e2fb659fd0e2b1ed45842495659c62a4dcfe3f32eab5e5794e4c6abc;0;;ATTO_036;atto_36.pdf;0
atto_37.pdf;C:\Users\Ciro\Documents\Tirocinio\Input\atto_37.pdf;9c63adf52846b8f69ba36c7964d09bb35e2fbdb78f74cd3e49f88b526f16644d;0;;ATTO_037;atto_37.pdf;0
atto_38.pdf;C:\Users\Ciro\Documents\Tirocinio\Input\atto_38.pdf;188897a18b6e65d9c8a04f1aa7ac8662c92e1bae1acf5ffe6aa72e4b5f6fc13a;0;;ATTO_038;atto_38.pdf;0
atto_39.pdf;C:\Users\Ciro\Documents\Tirocinio\Input\atto_39.pdf;85777f91f298d5179c92b954ba1b041306a5b6c5fb955b4b65d5a7192957d655;0;;ATTO_039;atto_39.pdf;0
atto_40.pdf;C:\Users\Ciro\Documents\Tirocinio\Input\atto_40.pdf;f796302670c258f5f989df88b92187a4c4c6dfd3d6c4a4f8d56ca83b39a214c3;0;;ATTO_040;atto_40.pdf;0
atto_41.pdf;C:\Users\Ciro\Documents\Tirocinio\Input\atto_41.pdf;2dc4d39982b3e63e7f8c3acf5761edcbd2052ad79b5d9d50e4981cee51b06953;0;;ATTO_041;atto_41.pdf;0
atto_42.pdf;C:\Users\Ciro\Documents\Tirocinio\Input\atto_42.pdf;4a2c393e6cb1533269ac952d92d8625f5441d23a38df028725f0580ef900413f;0;;ATTO_042;atto_42.pdf;0
atto_43.pdf;C:\Users\Ciro\Documents\Tirocinio\Input\atto_43.pdf;e1847630d29c6b14f453151cf5782df5b9999aa8b0bd8589042de262f096b6d0;0;;ATTO_043;atto_43.pdf;0
atto_44.pdf;C:\Users\Ciro\Documents\Tirocinio\Input\atto_44.pdf;afbfcdbac064029f86fc844c7da057b24a0a63abc385b293eb3758721f59aef6;0;;ATTO_044;atto_44.pdf;0
atto_45.pdf;C:\Users\Ciro\Documents\Tirocinio\Input\atto_45.pdf;562f6eb78505f1dd68d30ddc2c71fb833d4e45e7c097a832f8e091275031eb28;0;;ATTO_045;atto_45.pdf;0
atto_46.pdf;C:\Users\Ciro\Documents\Tirocinio\Input\atto_46.pdf;cc7782f71ccac07b80a0ea25ffe0f768d3634345db2d424ed4ebc206cecbd951;0;;ATTO_046;atto_46.pdf;0
atto_47.pdf;C:\Users\Ciro\Documents\Tirocinio\Input\atto_47.pdf;b197d1403af613144007f7f10c851f98fc47097785aaf143bdaa4e74fee06d38;0;;ATTO_047;atto_47.pdf;0
atto_48.pdf;C:\Users\Ciro\Documents\Tirocinio\Input\atto_48.pdf;4d942c015e82c998397f3e6db78218bd26e9cf9d158c8d03c1482e5bb181597d;0;;ATTO_048;atto_48.pdf;0
atto_49.pdf;C:\Users\Ciro\Documents\Tirocinio\Input\atto_49.pdf;360a5b717d62cec9dd435f0b74d6e8fc3554c0c1dff606c8e2382e5d9fdc661e;0;;ATTO_049;atto_49.pdf;0
atto_50.pdf;C:\Users\Ciro\Documents\Tirocinio\Input\atto_50.pdf;b294b76c66b5da5a17b9da04e7414b6480c9d4404129316e64e86a53053f1e38;0;;ATTO_050;atto_50.pdf;0
