id_delibera;ordine_globale;tipo_blocco;testo_blocco
ATTO_001;1;VISTO_1;"VISTO: nan modificazioni dalla Legge 113/2021, contenente, tra l'altro, il piano triennale dei fabbisogni del personale 2025/2027, il relativo programma delle assunzioni e la Sottosezione 2.2 sulla Performance, contenente la programmazione degli obiettivi e degli indicatori di performance di efficienza e di efficacia i cui esiti dovranno essere rendicontati nella presente relazione; - la Deliberazione consiliare n. 6 dell'11.04.2026, di approvazione del rendiconto dell'esercizio finanziario dell'anno 2025;"
ATTO_001;2;VISTO_2;"VISTA l'allegata relazione sulla performance anno 2025, parte integrante e sostanziale del presente provvedimento;"
ATTO_001;3;CONSIDERATO_1;CONSIDERATO che: nan
ATTO_001;4;ATTESO_1;ATTESO che: nan nan
ATTO_001;5;RITENUTO_1;"RITENUTO, pertanto, di dover provvedere ad approvare, ai sensi dell'art. 10 del D. Lgs. n. 150/2009, l'allegata relazione sulla performance relativa all'anno 2025, parte integrante e sostanziale del presente provvedimento, e di trasmetterla, ai sensi dell'art. 14, comma 4, lettera c), e comma 6, del D. Lgs. 150/2009, al Nucleo di Valutazione per la relativa validazione, quale condizione inderogabile per l'accesso agli strumenti premiali di cui al Titolo III del decreto in oggetto, oltre che all' ANAC ai sensi dell'art. 10 del D. Lgs. 150/2009;"
ATTO_001;6;VISTI_PARERI_1;"VISTI i pareri favorevoli di regolarità tecnica e contabile espressi, rispettivamente, dal responsabile del Settore amministrativo e dal Responsabile del servizio finanziario ai sensi dell'art. 49 del D. Lgs. 18.08.2000, n. 267;"
ATTO_002;1;CONSIDERATO_1;"CONSIDERATO che, a fronte della complessiva somma dovuta dalla parte soccombente pari ad €. 13.069,44, ad oggi il Sig. Antonio Miele, nonostante ripetuti solleciti, è ancora debitore nei confronti del Comune di Ausonia di un importo pari ad €. 10.569,44;"
ATTO_002;2;RAVVISATO_1;"RAVVISATA, pertanto, l'opportunità di agire stragiudizialmente, prima, ed eventualmente in giudizio, poi, al fine di ottenere il pagamento delle sopra quantificate spese legali conferendo incarico ad un Legale di fiducia a tutela degli interessi di questo Comune;"
ATTO_002;3;VISTO_1;"VISTA la nota pervenuta in DATA 12.05.2026 (ACQUISITA al protocollo con il n.° 2965), con la quale l'Avv. Emiliano Simeone, con Studio in Spigno Saturnia (LT) - Piazza Dante n.° 1, previ informali contatti, ha manifestato la propria disponibilità ad accettare l'incarico professionale di cui trattasi a tutela del Comune verso il corrispettivo di seguito analiticamente riportato: nan il tutto per un ammontare massimo complessivo di €. 1.577,00 oltre spese per eventuale azione esecutiva mobiliare/immobiliare nei confronti del debitore;"
ATTO_002;4;VALUTATO_1;"VALUTATA l'opportunità di procedere in merito; VALUTATA, altresì, la propria competenza ai sensi del D. Lgs. 267/2000; VISTO il D.Lgs. n.° 267 del 18.08.2000; VISTO il vigente Statuto comunale; ACQUISITI i pareri di regolarità tecnica e contabile ai sensi dell'Art. 49 del TUEL 267/00 e ss. mm. e ii"
ATTO_003;1;ATTESTA_1;"ATTESTA che la presente deliberazione:  È stata affissa all'Albo Pretorio Comunale per quindici giorni consecutivi, dal 05/06/2026 al 20/06/2026 ai sensi dell'art. 124, comma 1, D.Lgs. 267/2000 senza reclami;  È diventata esecutiva il giorno 04/06/2026  Perché dichiarata immediatamente eseguibile (art 134, comma 4, D.Lgs. 267/2000);  Perché decorsi 10 giorni dalla pubblicazione (art. 134, comma 3, D. Lgs. 267/2000); Dalla residenza comunale, lì 05/06/2026 Il Segretario Comunale (Dott. Dott. Zanzarella Vincenzo) Oggetto: Centro estivo Comune di Bitti. Anno 2026. ATTO di indirizzo per l'attivazione. LA GIUNTA MUNICIPALE"
ATTO_003;2;VISTO_1;"VISTA la Deliberazione CC n. 3 del 13/03/2026 di approvazione del documento unico di programmazione (DUP) - periodo 2026-2028 discussione e conseguente deliberazione (art. 170, comma 1, del d.lgs. n. 267/2000);"
ATTO_003;3;VISTO_2;"VISTA la Deliberazione del Consiglio Comunale N. 4 DEL 13/03/2026 avente per oggetto APPROVAZIONE DEL BILANCIO DI PREVISIONE FINANZIARIO 2026-2028 (ART. 151 DEL D.LGS. N. 267/2000 E ART. 10, D.LGS. N. 118/2011);"
ATTO_003;4;VISTO_3;"VISTO il decreto legislativo 23/6/2011 n. 118, emanato in attuazione degli art. 1 e 2 della legge 5 maggio 2009 n. 42 recante ""Disposizioni in materia di armonizzazione dei sistemi contabili e degli schemi di bilancio delle regioni, degli enti locali e dei loro organismi"";"
ATTO_003;5;VISTO_4;"VISTO il decreto legislativo 18 agosto 2000, n. 267, come modificato e integrato dal D.Lgs. 10 agosto 2014, n. 126, dalla L. 23 dicembre 2014, n. 190 e dal D.L. 19 giugno 2015, n. 78, convertito, con modificazioni, dalla L. 6 agosto 2015, n. 125 e in particolare gli artt. 107, 163, 183, 185 e 191;"
ATTO_003;6;PREMESSO_1;"PREMESSO che per l'Amministrazione Comunale riveste fondamentale importanza la promozione e valorizzazione della socialità, nelle sue varie manifestazioni, anche quali momenti di arricchimento e svago rivolti sia agli adulti che ai minori;"
ATTO_003;7;DATO_ATTO_1;"DATO ATTO che le attività estive per bambini e ragazzi rappresentano una soluzione sempre più utilizzata dalle famiglie e nei centri estivi i bambini si ritrovano a spendersi in contesti diversi di gioco, di movimento, di relazione e scambio tra il gruppo dei pari;"
ATTO_003;8;VISTO_5;VISTA la legge 30 dicembre 2025, n. 199, che prevede, all'articolo 1, comma 222, che, al fine di sostenere le famiglie e facilitare la conciliazione fra vita privata e lavoro, nello stato di previsione del Ministero dell'economia e delle finanze, per il successivo trasferimento al bilancio autonomo della Presidenza del Consiglio dei ministri - Dipartimento per le Politiche della famiglia, è istituito un Fondo per le attività socio-educative a favore dei minori, con una dotazione pari a 60 milioni di euro annui a decorrere dall'anno 2026, destinato al finanziamento di iniziative dei comuni, da attuare anche in collaborazione con enti pubblici e privati, finalizzate al potenziamento dei centri estivi, dei servizi socioeducativi territoriali e dei centri con funzione educativa e ricreativa che svolgono attività a favore dei minori. CHE il Comune di Bitti entro la DATA di scadenza ha trasmesso la propria manifestazione di interesse per usufruire del Fondo per le attività socio-educative a favore dei minori per l'anno 2026, come risultante l'elenco provvisorio dei comuni che hanno manifestato l'interesse al finanziamento per le attività socioeducative per l'anno 2026
ATTO_003;9;VISTO_6;"VISTA la Legge Regionale 12 marzo 2026, n. 7, che reca disposizioni per il sostegno alla fruizione dei centri estivi, ne riconosce il valore educativo, sociale e di supporto alla conciliazione dei tempi di vita e di lavoro, promuovendo e sostenendo la partecipazione dei minori residenti in Sardegna, nel periodo di sospensione delle attività scolastiche, alle attività svolte in tali contesti e qualifica ""centri estivi"" le strutture nelle quali si organizzano attività diurne di natura ludico-ricreativa ed educativa rivolte a minori di età compresa tra i 3 e i 17 anni;"
ATTO_003;10;RICHIAMATO_1;"RICHIAMATA la determinazione n. 288 del 13.05.2026 avente per oggetto: ""Legge regionale 12 marzo 2026, n. 7 (Disposizioni per il sostegno alla fruizione dei centri estivi), articoli 2 e 4 e Deliberazione della Giunta Regionale n. 18/39 del 22.04.2026: Primo programma sperimentale di finanziamento"". Approvazione avviso e modulistica annualità 2026."". Approvazione Avviso pubblico e relativa modulistica. Apertura Termini presentazione domande; CHE entro la DATA del 20 maggio 2026 n. 22 famiglie hanno manifestato il proprio interessate alla frequenza di centri estivi da parte dei propri figli; CHE si intende attivare questo importante servizio a favore di minori di età compresa tra i 4 (nati anno 2022) e i 9 anni (nati anno 2017) a partire dal 15 giugno e fino alla DATA del 8 agosto 2026 dando la possibilità di partecipazione anche ai minori che nel periodo estivo trascorrono le proprie vacanze nel nostro paese; CHE si rende necessario inoltre stabilire la quota di partecipazione al centro estivo fissato per tutto il periodo in € 150,00 quale contribuzione utenza e rimborsabile sottoforma di voucher in base alle disponibilità delle somme che la Regione Sardegna garantirà per il sostegno e concesse ai sensi della Legge Regionale 12 marzo 2026, n. 7 e secondo i criteri STABILITI dalla stessa;"
ATTO_003;11;RITENUTO_1;"RITENUTO di demandare agli Uffici la gestione dell'iter amministrativo correlato; Tutto ciò PREMESSO e CONSIDERATO"
ATTO_004;1;ACQUISITI_PARERI_1;"ACQUISITI i pareri di cui all'articolo 49 del Decreto Legislativo 18 agosto 2000, n. 267: Il Sindaco espone l'argomento: VISTI: − il Regolamento (UE) 12 febbraio 2021, n. 2021/241, che istituisce il dispositivo per la ripresa e la resilienza; − il Piano Nazionale di Ripresa e Resilienza (PNRR) approvato con Decisione del Consiglio ECOFIN del 13 luglio 2021 e notificata all'Italia dal Segretariato generale del Consiglio con nota LT161/21, del 14 luglio 2021- − la Missione 2 - Componente 4 - Sub-Investimento 2.1b del PNRR che prevede ""Misure per la gestione del rischio di alluvione e per la riduzione del rischio idrogeologico""; − il Regolamento (UE) 2018/1046 del 18 luglio 2018, che stabilisce le regole finanziarie applicabili al bilancio generale dell'Unione, che modifica i Regolamenti (UE) n. 1296/2013, n. 1301/2013, n. 1303/2013, n. 1304/2013, n. 1309/2013, n. 1316/2013, n. 223/2014, n. 283/2014 e la decisione n. 541/2014/UE e abroga il regolamento (UE, Euratom) n. 966/2012; − l'articolo 17 del Regolamento UE 2020/852 che definisce gli obiettivi ambientali, tra cui il principio di non arrecare un danno significativo (DNSH, ""Do no significant harm""), e la Comunicazione della Commissione UE 2021/C 58/01 recante ""Orientamenti tecnici sull'applicazione del principio ""non arrecare un danno significativo» a norma del regolamento sul dispositivo per la ripresa e la resilienza""; − i principi trasversali previsti dal PNRR, quali, tra l'altro, il principio del contributo all'obiettivo climatico e digitale (c.d. tagging), il principio di parità di genere e l'obbligo di protezione e valorizzazione dei giovani; − gli obblighi di assicurare il conseguimento di target e milestone e degli obiettivi finanziari STABILITI nel PNRR;"
ATTO_004;2;VISTO_1;"VISTA la nota del Capo Dipartimento della Protezione Civile, prot. n. PNRR/1353 del 11 gennaio 2023, di comunicazione dell'approvazione dell'elenco di dettaglio dei ""nuovi progetti"", ricadenti nel sub-investimento 2.1b della Missione 2 - Componente 4 del Piano Nazionale di Ripresa e Resilienza (PNRR), per l'importo complessivo di euro 49.394.516,58, assegnato alla Regione Sardegna con DPCM 23 agosto 2022, e il Decreto di rettifica e approvazione dell'elenco di dettaglio dei nuovi interventi Rep. n. 1419 del 24 maggio 2023;"
ATTO_004;3;VISTO_2;"VISTE: − la nota Prot. n. 2587 del 02.03.2023 con la quale la Direzione Generale della Protezione Civile ha richiesto al Comune di Bitti l'intendimento a svolgere il ruolo di Soggetto Attuatore per alcuni degli interventi contenuti nell'elenco ""nuovi progetti"" approvato con nota Prot. n. PNRR/1353 del 11.01.2023; − le note n. 4106 e 4107 del 12.04.2023, relative all'accettazione da parte del Comune di Bitti degli interventi proposti ed alla trasmissione della relativa documentazione, composta, per ogni singolo intervento assunto, da: nomina del RUP, cronoprogramma ed elenco del personale reso disponibile all'attuazione."
ATTO_004;4;VISTO_3;"VISTA la deliberazione n. 11/55 del 23.03.2023 avente ad oggetto Schema di accordo tra Regione Autonoma della Sardegna e Dipartimento della Protezione Civile, ai sensi dell'art. 15 della Legge n. 241/1990, per la realizzazione degli interventi ""in essere"" e ""nuovi progetti"" approvati nel sub - investimento 2.1b della Missione 2 - Componente 4 del Piano nazionale di ripresa e resilienza (PNRR) e INDIVIDUATI come ""Misure per la gestione del rischio di alluvione e per la riduzione del rischio idrogeologico""."
ATTO_004;5;VISTO_4;"VISTA la convenzione n. 11, prot. uscita 7580, del 30.06.2023, tra la Regione Autonoma della Sardegna ed il Comune di Bitti, ACQUISITA al protocollo generale dell'ente al n. 4137 del 30 giugno 2023, che regola i rapporti di attuazione, gestione e controllo relativi ai progetti finanziati con fondi a valere sul Piano Nazionale di Ripresa e Resilienza (PNRR) - Missione 2, componente 4, sub-investimento 2.1b: ""Misure per la riduzione del rischio di alluvione e del rischio idrogeologico"" approvati con Decreto del Capo Dipartimento di Protezione Civile Repertorio n. 3403 del 28/12/2022 INDIVIDUATI nel territorio comunale di Bitti (NU) e Decreto di rettifica e approvazione dell'elenco di dettaglio dei nuovi interventi Rep. n. 1419 del 24 maggio 2023;"
ATTO_004;6;DATO_ATTO_1;"DATO ATTO che l'attuazione del PNRR prevede, per l'attuazione della Missione 2, Componente 4, SubInvestimento 2.1b e per la realizzazione degli interventi ad essa connessi, finalizzati a salvaguardare e riqualificare il territorio, nonché a metterlo in sicurezza da frane o ridurre il rischio di allagamento, l'individuazione delle Amministrazioni centrali in qualità di titolari di Intervento, si è proceduto ad individuare il Comune di Bitti quale soggetto attuatore con decreto Capo Dipartimento della protezione Civile Rep. n. 1419 del 24.05.2023 dell'Investimento INDIVIDUATO ai numeri progressivi e ai Cup di cui all'art. 3 comma 1 e nella Tabella allegata alla summenzionata convenzione per farne parte integrante e sostanziale;"
ATTO_004;7;DATO_ATTO_2;"DATO ATTO che tra gli interventi finanziati nell'ambito dell'Accordo di concessione di finanziamento tra la Regione Autonoma della Sardegna - Direzione Generale della Protezione Civile e il Comune di Bitti (NU) rientrano quelli di seguito indicati: ✓ ID 6.7 EX ID 12 - RIPRISTINI PUNTUALI DI DISSESTI IN VARIE VIE DEL CENTRO URBANO, CUP E97H21011870006- CIG: B140F38915; PRESO ATTO che l'accordo di finanziamento stipulato prevede l'erogazione delle somme assegnate sino ad un massimo del 90%, mentre il restante 10% deve essere anticipato dal soggetto attuatore;"
ATTO_004;8;CONSIDERATO_1;"CONSIDERATO che al fine di procedere alla chiusura ed alla rendicontazione dell'intervento sopra indicato si rende necessario provvedere all'anticipazione di cassa per l'importo pari ad € 34.759,05;"
ATTO_004;9;VISTO_5;"VISTI: ✓ il T.U. delle leggi sull'Ordinamento degli Enti Locali, approvato con Decreto Legislativo 18- 08-2000, n. 267; ✓ il D.Lgs. 31 marzo 2023, n. 36 costituente il nuovo Codice disciplinante i contratti di appalto e di concessione aventi ad oggetto l'acquisizione di servizi, forniture, lavori e opere, nonché i concorsi pubblici di progettazione; ✓ il D.Lgs. 9 aprile 2008, n. 81 ""Attuazione dell'art. 1 della Legge 3 Agosto 2007, n. 123, in materia di tutela della salute e della sicurezza nei luoghi di lavoro""; ✓ il D.L. 77/2021 convertito con modificazioni in legge 108/2021 e ss.mm.ii.; ✓ il D.L. 13/2023 convertito con modificazioni in legge 41/2021e ss.mm.ii.; ✓ la L. 8 del 13/03/2018 della Regione Autonoma della Sardegna recante: Nuove norme in materia di contratti pubblici di lavori, servizi e forniture;"
ATTO_004;10;ACQUISITO_1;"ACQUISITI in merito il parere favorevole del Responsabili del Servizio Tecnico e del Responsabile del Servizio Finanziario, espressi in calce alla presente;"
ATTO_004;11;VISTO_6;VISTO il T.U. 267/00
ATTO_005;1;PREMESSO_1;PREMESSO che: nan
ATTO_005;2;PREMESSO_2;"PREMESSO altresì che l'articolo 227, comma 2, del d.Lgs. 18/08/2000, n. 267 e l'articolo 18, comma 1, lett. b), del d.Lgs. 23/06/2011, n. 118, prevedono che gli enti locali deliberano, entro il 30 aprile dell'anno successivo, il rendiconto della gestione composto dal CONTO del bilancio, dal CONTO economico e dallo stato patrimoniale; RICHIAMATI gli artt. 151, comma 6 e 231, comma 1, del D.Lgs. 18/08/2000, n. 267 i quali prevedono che al rendiconto dell'esercizio venga allegata una relazione sulla gestione redatta secondo quanto previsto dall'art. 11, comma 6, del d.Lgs. n. 118/2011;"
ATTO_005;3;RICHIAMATO_1;RICHIAMATO altresì l'articolo 11, comma 6, del d.Lgs. n. 118/2011, il quale così dispone: 6. La relazione sulla gestione allegata al rendiconto è un documento illustrativo della gestione dell'ente, nonché dei fatti di rilievo verificatisi dopo la chiusura dell'esercizio e di ogni eventuale informazione utile ad una migliore comprensione dei DATI contabili. In particolare la relazione illustra: nan nan
ATTO_005;4;PRESO_ATTO_1;PRESO ATTO che: nan
ATTO_005;5;VISTO_1;"VISTI: - lo schema del rendiconto della gestione dell'esercizio 2025 redatto secondo lo schema di cui all'allegato 10 al d.Lgs. n. 118/2011; che si allegano al presente provvedimento quale parte integrante e sostanziale;"
ATTO_005;6;VISTO_2;"VISTA la relazione sulla gestione dell'esercizio 2025, redatta ai sensi dell'art. 11, comma 6, del d.Lgs. n. 118/2011, allegata al presente provvedimento quale parte integrante e sostanziale; RICHIAMATO l'art. 232, comma 2, del TUEL, approvato con decreto legislativo del 18 agosto 2000, n. 267, come novellato dall'art. 57, comma 2-ter, del decreto-legge n. 124 del 2019, il quale prevede che ""Gli enti locali con popolazione inferiore a 5.000 abitanti possono non tenere la contabilità economico-patrimoniale. Gli enti locali che optano per la facoltà di cui al primo periodo allegano al rendiconto una situazione patrimoniale al 31 dicembre dell'anno precedente redatta secondo lo schema di cui all'allegato n. 10 al decreto legislativo 23giugno 2011, n. 118, e con modalità semplificate INDIVIDUATE con decreto del Ministero dell'economia e delle finanze, di concerto con il Ministero dell'interno e con la Presidenza del Consiglio dei ministri - Dipartimento per gli affari regionali""."
ATTO_005;7;VISTO_3;"VISTO l'art. 233 bis del medesimo decreto, che testualmente enuncia ""Gli enti locali con popolazione inferiore a 5.000 abitanti possono non predisporre il bilancio consolidato""."
ATTO_005;8;VISTO_4;"VISTO il Decreto del MEF del 10 novembre 2020 che stabilisce che gli enti locali con popolazione inferiore a 5.000 abitanti, che non tengono la contabilità economico-patrimoniale, alleghino al rendiconto della gestione una situazione patrimoniale al 31 dicembre dell'esercizio di riferimento (aggiornando comunque l'inventario dei beni mobili ed immobili), redatta secondo lo schema di cui all'allegato n. 10 al D.Lgs. n. 118/2011, con modalità semplificate definite dall'allegato ""A"" al citato decreto del MEF. L'Ente, si avvalso della facoltà di non tenere la contabilità economica patrimoniale nel 2020 con la DELIBERA di Giunta Comunale n.82 del 28/12/2020 e che per il 2025, si intende prorogata la facoltà di non tenere la contabilità economica patrimoniale, e pertanto si allega al rendiconto la situazione patrimoniale al 31 dicembre 2025 come previsto dal Decreto MEF del 10 novembre 2020;"
ATTO_005;9;RITENUTO_1;"RITENUTO di provvedere in merito;"
ATTO_005;10;VISTO_5;"VISTO il D.Lgs. 18/08/2000, n. 267; VISTO il d.Lgs. n. 118/2011; VISTO lo Statuto Comunale; VISTO il vigente Regolamento comunale di contabilità A voti unanimi e palesi"
ATTO_006;1;VISTO_1;VISTO: nan
ATTO_006;2;CONSIDERATO_1;CONSIDERATO che: nan
ATTO_006;3;RITENUTO_1;RITENUTO: nan
ATTO_006;4;VISTO_2;VISTO: nan
ATTO_006;5;ACQUISITI_PARERI_1;"ACQUISITI i pareri espressi in merito alla regolarità tecnica e contabile ai sensi dell'art. 49 del D.Lgs n° 267 del 18/08/2000;"
ATTO_007;1;PREMESSO_1;"PREMESSO che con DD.P.R. del 13 Gennaio 2026, pubblicato nella Gazzetta Ufficiale n. 10 del 14 Gennaio 2026, sono stati convocati per domenica 22 e lunedì 23 marzo 2026 i comizi per il referendum popolare confermativo della legge costituzionale recante: "" Norme in materia di ordinamento giurisdizionale e di istituzione della Corte Disciplinare"", approvata dal Parlamento e pubblicata nella Gazzetta Ufficiale della Repubblica Italiana n. 253 del 30 ottobre 2025;"
ATTO_007;2;VISTO_1;"VISTA la Circolare n.7/Ref 2026 del 12/02/2026 - protocollo n.0062427 - ad oggetto: "" Consultazioni referendarie di domenica 22 e lunedì 23 marzo 2026. Referendum popolare confermativo della legge costituzionale recante: ""Norme in materia di ordinamento giurisdizionale e di istituzione della Corte Disciplinare"". Precisazione del quesito referendario. Adempimenti in materia di propaganda elettorale e comunicazione politica. Partiti e gruppi politici rappresentati in Parlamento e promotori dei referendum."", secondo cui, la Giunta Comunale, dal 33° al 30° giorno antecedente quello della votazione, quindi da martedì 17 a venerdì 20 febbraio 2026, dovrà stabilire e delimitare e ripartire in ogni centro abitato, gli spazi da destinare alle affissioni di propaganda elettorale dei partiti e gruppi politici rappresentati in Parlamento e promotori dei referendum;"
ATTO_007;3;RICHIAMATO_1;"RICHIAMATO l'articolo 2, comma 1 della legge 4 aprile 1956, n. 212, modificato dalla legge 24 aprile 1975 n.130 e dall'art. 1,comma 400, lettera h) della legge 27 dicembre 2013, n° 147, contenente ""Norme per la disciplina della propaganda elettorale"", il quale stabilisce che l'affissione di stampati, giornali murali od altri e di manifesti di propaganda elettorale, da parte di partiti o gruppi politici che parteciperanno alle elezioni con liste di canditati, sia effettuata esclusivamente negli appositi spazi a ciò destinati in ogni Comune (c.d. ""propaganda diretta""), avendo cura di sceglierli nelle località più frequentate ed in equa proporzione per tutto l'abitato;"
ATTO_007;4;RICHIAMATO_2;RICHIAMATO altresì l'art. 52 della legge 25 maggio 1970, n. 352, che prevede che alla propaganda relativa allo svolgimento dei referendum previsti dalla medesima legge si applicano le disposizioni della citata legge n. 212/1956, e le facoltà RICONOSCIUTE ai partiti e gruppi politici che partecipano direttamente alla competizione elettorale, concernenti l'assegnazione degli appositi spazi per le affissioni di propaganda, si intendono attribuite ai partiti e gruppi politici rappresentati in Parlamento e ai promotori dei referendum, questi ultimi CONSIDERATI come gruppo unico.
ATTO_007;5;RITENUTO_1;"RITENUTO che il numero degli spazi deve stabilirsi per ciascun centro abitato in base alla relativa popolazione residente, secondo la tabella di cui all'art.2, secondo comma, della Legge 56/2012 e s.m.i.;"
ATTO_007;6;VISTO_2;VISTA la legge 27 dicembre 2013, n. 147 (legge di stabilità 2014), che per il contenimento delle spese ha apportato modifiche alla disciplina della propaganda elettorale di cui alla legge 4 aprile 1956 n. 212, art.2 comma 2 riducendo il numero degli spazi elettorali e stabilendo per una popolazione tra i 3.001 e i 10.000 abitanti almeno 3 e non più di 5 spazi elettorali,
ATTO_007;7;DATO_ATTO_1;"DATO ATTO che questo Comune conta n. 2.450 abitanti e che, pertanto, il numero degli spazi elettorali può essere fissato entro il numero minimo di 3 e massimo di 5 spazi;"
ATTO_007;8;CONSIDERATO_1;"CONSIDERATO che il comma 2 dell'art.1 della legge n. 212/56 è stato abrogato dall'art.1 comma 400 lettera h) della legge del 27/12/2013 n. 147(legge di stabilità 2014) che ha disposto l'abolizione della propaganda indiretta;"
ATTO_007;9;RILEVATO_1;"RILEVATO che, secondo il disposto dell'art.3 della citata L. 212/56, come modificata, la giunta municipale provvede, nei termini predetti, a delimitare gli spazi di cui al primo comma dell'art.1 e a ripartirli in tante sezioni. Ad ogni lista, spetta una superficie di metri 2 di altezza per metri 1 di base e ad ogni candidatura uninominale una superficie di metri 1 di altezza per metri 0,70 di base, nonché ad assegnare le sezioni seguendo l'ordine di presentazione delle domande, su di una sola linea orizzontale a partire dal lato sinistro e proseguendo verso destra; VISTO il piano PREDISPOSTO dall'ufficio competente per stabilire gli spazi da destinarsi alle affissioni di propaganda elettorale secondo i criteri di cui alla legge sopra menzionata;"
ATTO_007;10;DATO_ATTO_2;"DATO ATTO che gli spazi prescelti corrispondono alle località più frequentate e risultano suddivisi in equa proporzione per tutto l'abitato tale da rendere attuabili le assegnazioni previste dalla legge, qualunque sia il numero senza impedire la visibilità di monumenti o panorami;"
ATTO_007;11;VISTO_3;"VISTE le disposizioni ministeriali ed, in particolare, la circolare del Ministero dell'Interno n. 1943/V dello 08.04.1980;"
ATTO_007;12;RITENUTO_2;"RITENUTO di dover provvedere agli adempimenti di cui alla L. 212/1956 e s.m.i.; PROPONE DI DELIBERARE Di ritenere la narrativa che precede parte integrante e sostanziale della presente; nan"
ATTO_007;13;VISTO_4;"VISTA la proposta di deliberazione avente ad oggetto: "" DELIMITAZIONE SPAZI PER AFFISSIONE DI STAMPATI E MANIFESTI PER PROPAGANDA ELETTORALE REFERENDUM DI DOMENICA 22 E LUNEDÌ 23 MARZO 2026"" (Art. 58, decreto legge 25 giugno 2008, n. 112, convertito con modificazioni dalla legge 6 agosto 2008, n.133)"
ATTO_007;14;RITENUTO_3;"RITENUTO che la stessa sia meritevole di approvazione; VISTI i pareri favorevoli espressi ai sensi dell'art. 49 del d.lgs. n. 267/2000"
ATTO_008;1;CONSIDERATO_1;CONSIDERATO CHE nan
ATTO_008;2;RITENUTO_1;"RITENUTO di approvare il progetto allegato e di autorizzarne la candidatura nell'ambito dell'Avviso regionale sopra RICHIAMATO;"
ATTO_008;3;VISTO_1;VISTI nan
ATTO_008;4;ACQUISITI_PARERI_1;"ACQUISITI i pareri favorevoli di regolarità tecnica e contabile ai sensi dell'art. 49 del D.Lgs. 267/2000;"
ATTO_009;1;RICHIAMATO_1;RICHIAMATO l'art. 175, commi 4 e 5 del d.Lgs. n. 267/2000, modificato ed integrato dal d.Lgs. n. 118/2011, i quali dispongono che: nan
ATTO_009;2;VERIFICATO_1;"VERIFICATA la necessità di apportare in via d'urgenza variazioni al bilancio previsione derivanti dall'esigenza di realizzare gli interventi programmati e di far fronte alle sopravvenute esigenze di spesa;"
ATTO_009;3;VISTO_1;VISTO il prospetto riportato in allegato sotto la lettera a) contenente l'elenco delle variazioni di competenza e di cassa da apportare al bilancio di previsione finanziario 2026/2028 - Esercizio 2026, del quale si riportano le risultanze finali: ANNO 2026
ATTO_009;4;DATO_ATTO_1;"DATO ATTO del permanere degli equilibri di bilancio, come risulta dal prospetto allegato sotto la lettera b),quale parte integrante e sostanziale;"
ATTO_009;5;ACQUISITO_1;ACQUISITO agli atti il parere favorevole: nan
ATTO_009;6;RITENUTO_1;"RITENUTO pertanto di avvalersi del potere surrogatorio RICONOSCIUTO all'organo esecutivo dall'art. 175, comma 4, del d.Lgs. n. 267/2000 e di apportare, in via d'urgenza, al bilancio di previsione dell'esercizio le variazioni sopra indicate;"
ATTO_009;7;VISTO_2;"VISTO il d.Lgs. n. 267/2000, come modificato ed integrato dal d.Lgs. n. 118/2011; VISTO il d.Lgs. n. 118/2011; VISTO lo Statuto Comunale; VISTO il vigente Regolamento comunale di contabilità;"
ATTO_010;1;ATTESTA_1;"ATTESTA che la presente deliberazione:  È stata affissa all'Albo Pretorio Comunale per quindici giorni consecutivi, dal 05/06/2026 al 20/06/2026 ai sensi dell'art. 124, comma 1, D.Lgs. 267/2000 senza reclami;  È diventata esecutiva il giorno 04/06/2026  Perché dichiarata immediatamente eseguibile (art 134, comma 4, D.Lgs. 267/2000);  Perché decorsi 10 giorni dalla pubblicazione (art. 134, comma 3, D. Lgs. 267/2000); Dalla residenza comunale, lì 05/06/2026 Il Segretario Comunale (Dott. Dott. Zanzarella Vincenzo) Oggetto. Concessione contributo Associazione Sinnos di Bitti per presentazione del libro Arvores - Chiarori di Marilena Rosu LA GIUNTA"
ATTO_010;2;VISTO_1;"VISTA la Deliberazione CC n. 3 del 13/03/2026 di approvazione del documento unico di programmazione (DUP) - periodo 2026-2028 discussione e conseguente deliberazione (art. 170, comma 1, del d.lgs. n. 267/2000);"
ATTO_010;3;VISTO_2;"VISTA la Deliberazione del Consiglio Comunale N. 4 DEL 13/03/2026 avente per oggetto APPROVAZIONE DEL BILANCIO DI PREVISIONE FINANZIARIO 2026-2028 (ART. 151 DEL D.LGS. N. 267/2000 E ART. 10, D.LGS. N. 118/2011);"
ATTO_010;4;VISTO_3;"VISTO il decreto legislativo 23/6/2011 n. 118, emanato in attuazione degli art. 1 e 2 della legge 5 maggio 2009 n. 42 recante ""Disposizioni in materia di armonizzazione dei sistemi contabili e degli schemi di bilancio delle regioni, degli enti locali e dei loro organismi"";"
ATTO_010;5;VISTO_4;"VISTO il decreto legislativo 18 agosto 2000, n. 267, come modificato e integrato dal D.Lgs. 10 agosto 2014, n. 126, dalla L. 23 dicembre 2014, n. 190 e dal D.L. 19 giugno 2015, n. 78, convertito, con modificazioni, dalla L. 6 agosto 2015, n. 125 e in particolare gli artt. 107, 163, 183, 185 e 191;"
ATTO_010;6;VISTO_5;"VISTA la Legge n. 241/1990, concernente ""Nuove norme in materia di procedimento amministrativo e di diritto di accesso ai documenti amministrativi"";"
ATTO_010;7;VISTO_6;"VISTO il D.P.R. del 28 dicembre 2000 n. 445, concernente ""Testo unico delle disposizioni legislative e regolamentari in materia di documentazione amministrativa"";"
ATTO_010;8;VISTO_7;"VISTA la richiesta presentata dall'Associazine Sinnos con sede a Bitti le cui generalità sono presenti in atti per la presentazione del libro di poesie Arvores - Chiarori di Mariateresa Rosu ;"
ATTO_010;9;RILEVATO_1;"RILEVATO che la giurisprudenza contabile, ormai consolidata, che ha VISTO il pronunciamento della Sezione di controllo per la Liguria 6/2011, 7/2011 11/2011, della Sezione Regionale di controllo per la Lombardia con Parere Esito n.1075/2010 n. 6/2011/PAR, PAR. n.89/2013, e PAR. n. 379/2013 della Sezione di Controllo per il Piemonte secondo le quali ""sono tutt'ora ammesse le contribuzioni a soggetti terzi per iniziative culturali, artistiche, sociali e di promozione turistica che mirano a realizzare gli interessi, economici e non, della collettività amministrata, ossia le finalità istituzionali dell'Ente"" e ancora viene chiarito che nel divieto di erogazione dei contributi "" risulta, invece, esclusa l'attività svolta in favore dei cittadini, "" id est"" della comunità amministrata, seppure quale esercizio - mediato di finalità istituzionali dell'Ente locale e dunque nell'interesse di quest'ultimo;"
ATTO_010;10;VISTO_8;"VISTO l'articolo 3 della legge 13 agosto 2010, n. 136 (pubblicata sulla G.U. 23 agosto 2010, n. 196), come modificato dalla legge n. 217/2010 di conversione del decreto legge n. 187/2010, nell'articolo 6 della stessa legge n. 136 in tema di sanzioni, nonché nell'articolo 6 del decreto legge n. 187/2010, come modificato dalla legge n. 217/2010 che contiene la disciplina transitoria e alcune norme interpretative e di attuazione del predetto articolo 3 riguardate norme relative al ""Piano straordinario contro le mafie"" e riguardante le indicazioni ""Sulla tracciabilità dei flussi finanziari"","
ATTO_010;11;DATO_ATTO_1;"DATO ATTO che viene indicato che le uniche forme di contribuzione consentite da parte di Enti Pubblici sono a favore di Associazioni, fondazioni, società sportive, altri Enti pubblici, Scuole ecc e devono riguardare spese correnti ( es. gestione, organizzazione di manifestazioni, eventi, promozioni, iniziative sociali, culturali, turistiche, ricreative, sportive, ecc. ) e che per le liquidazioni di detti contributi devono essere assolti gli obblighi della tracciabilità ma non deve essere indicato il CIG;"
ATTO_010;12;RITENUTO_1;"RITENUTO necessario provvedere in merito, concedendo un contributo pari a € 500,00 a sostegno della richiesta presentata dall'Associazine Sinnos con sede a Bitti le cui generalità sono presenti in atti per la presentazione del libro di poesie Arvores - Chiarori di Mariateresa Rosu;"
ATTO_010;13;RITENUTO_2;"RITENUTO necessario demandare al responsabile del servizio Socio Culturale e al responsabile del servizio finanziario l'adozione degli atti consequenziali alla presente deliberazione, fra cui l'assunzione dell'impegno di spesa, negli interventi ove si trova la copertura per la realizzazione delle summenzionate iniziative cap. 1048/99;"
ATTO_010;14;ACQUISITI_PARERI_1;"ACQUISITI i pareri di cui all'art. 49 del D.lgs. n.267/2000;"
ATTO_011;1;PREMESSO_1;"PREMESSO che è intenzione dell'amministrazione comunale promuovere, come nelle annualità precedenti, un programma di iniziative ricreative e culturali da realizzare durante il periodo estivo;"
ATTO_011;2;VISTO_1;"VISTO il programma delle suddette iniziative elaborato dall'amministrazione comunale da svolgersi dal 22 maggio al 29 settembre 2026, volto alla valorizzazione del territorio, alla conservazione dell'identità culturale della comunità locale ed al perpetuarsi di usi, costumi e tradizioni popolari anche tipicamente gastronomiche, in allegato alla presente deliberazione;"
ATTO_011;3;CONSIDERATO_1;"CONSIDERATO che le attività previste rientrano nelle competenze dell'Ente Locale, svolte nell'interesse della collettività e finalizzate alla valorizzazione territoriale e culturale e allo sviluppo socio-economico locale;"
ATTO_011;4;RITENUTO_1;"RITENUTO, pertanto, il suddetto programma meritevole di approvazione;"
ATTO_011;5;RITENUTO_2;"RITENUTO necessario demandare al responsabile del settore amministrativo l'adozione degli atti gestionali necessari a dare esecuzione alla presente deliberazione, in particolare per l'affidamento delle forniture e dei servizi necessari alla realizzazione delle iniziative previste dal programma;"
ATTO_011;6;VISTI_PARERI_1;"VISTI i pareri favorevoli in ordine alla regolarità tecnica espressa dal Responsabile del Servizio interessato e contabile dal Responsabile di Ragioneria ai sensi dell'art. 49 del D. Lgs. 18/08/2000 n. 267;"
ATTO_011;7;VISTO_2;"VISTO il D. Lgs. n. 267/2000; All'unanimità dei voti resi in forma palese;"
ATTO_012;1;ATTESTA_1;"ATTESTA Che la presente deliberazione è stata affissa all' albo pretorio del sito web dell' ente http://www.comune.carinaro.ce.it conforme all'originale in DATA 00-00-0000e resterà affissa per n. 15 giorni consecutivi ai sensi dell'art. 124, comma 1, del Dlgs 18 agosto 2000 n. 267 Il Segretario Generale SALVATORE CAPOLUONGO ******************************************************************************** ***************************************************************** CERTIFICATO DI ESECUTIVITA' [ X] Deliberazione dichiarata immediatamente eseguibile ai sensi dell' art. 134, comma 4, del D.Lgs. 267/2000 e.ss.mm.ii. [ ]Deliberazione esecutiva ad ogni effetto di legge decorso il decimo giorno di pubblicazione, ai sensi dell'art. 134, comma 3, del D.Lgs n. 267/2000 e.ss.mm.ii. Il Segretario SALVATORE CAPOLUONGO Documento informatico sottoscritto con firma digitale ai sensi dell'art.24 del D.Lgs. n.82/2005 e ss.mm.ii. OGGETTO: CONCESSIONE PATROCINIO MORALE, CONTRIBUTO ECONOMICO E OCCUPAZIONE DI SUOLO PUBBLICO ALL'A.S.D. LIBUR PER LO SVOLGIMENTO DELLE MANIFESTAZIONI SPORTIVE-CULTURALI ""TORNEO AMATORIALE DEI GIOVANI SCACCHISTI DEL CORSO DI SCACCHI"" E ""PRIMA DELLE FACCIAMO UNA MOSSA INSIEME!"". PARERE DI REGOLARITA' TECNICA (Articolo 147 bis del decreto legislativo 18 agosto 2000, n. 267) nan PICONE VINCENZO OGGETTO: CONCESSIONE PATROCINIO MORALE, CONTRIBUTO ECONOMICO E OCCUPAZIONE DI SUOLO PUBBLICO ALL'A.S.D. LIBUR PER LO SVOLGIMENTO DELLE MANIFESTAZIONI SPORTIVE-CULTURALI ""TORNEO AMATORIALE DEI GIOVANI SCACCHISTI DEL CORSO DI SCACCHI"" E ""PRIMA DELLE FACCIAMO UNA MOSSA INSIEME!"". PARERE DI REGOLARITA' CONTABILE (Articolo 147 bis del decreto legislativo 18 agosto 2000, n. 267) nan FATTORE SALVATORE ORIGINALE COMUNE DI CARINARO Provincia di Caserta DELIBERAZIONE DI GIUNTA COMUNALE N. 53 DEL 18-06-2026 OGGETTO: CONCESSIONE PATROCINIO MORALE, CONTRIBUTO ECONOMICO E OCCUPAZIONE DI SUOLO PUBBLICO ALL'A.S.D. LIBUR PER LO SVOLGIMENTO DELLE MANIFESTAZIONI SPORTIVE-CULTURALI ""TORNEO AMATORIALE DEI GIOVANI SCACCHISTI DEL CORSO DI SCACCHI"" E ""PRIMA DELLE FACCIAMO UNA MOSSA INSIEME!"". C E R T I F I C A T O D I P U B B L I C A Z I O N E Il sottoscritto responsabile della pubblicazione OLIVA LORENZO certifica che copia della presente deliberazione viene pubblicata il giorno 19-06-2026all'Albo Pretorio ove rimarrà affissa per 15 giorni consecutivi sino al 04-07-2026, Carinaro, 19-06-2026 Il Responsabile della pubblicazione OLIVA LORENZO Documento informatico sottoscritto con firma digitale ai sensi dell'art.24 del D.Lgs. n.82/2005 e ss.mm.ii."
ATTO_013;1;PREMESSO_1;"PREMESSO CHE con nota ACQUISITA al protocollo dell'Ente in DATA 16/06/2026 al n. 6783, il sig. Luigi Zampella, in qualità di legale rappresentante dell'Associazione Sportiva Beauty Fitness A.S.D., con sede in Aversa (CE), Viale della Libertà SNC, ha richiesto la concessione del patrocinio morale, di un contributo economico a sostegno delle spese organizzative, promozionali, assicurative e logistiche, nonché l'utilizzo gratuito di suolo pubblico in Via Trieste per lo svolgimento delle seguenti iniziative sportive: nan le iniziative proposte sono rivolte alla cittadinanza e sono finalizzate alla promozione della pratica sportiva, del benessere psicofisico, dell'inclusione sociale e dell'aggregazione comunitaria;"
ATTO_013;2;CONSIDERATO_1;CONSIDERATO CHE nan
ATTO_013;3;RITENUTO_1;RITENUTO nan
ATTO_013;4;VISTO_1;VISTI nan
ATTO_014;1;ATTESTA_1;ATTESTA Che la presente deliberazione è stata affissa all' albo pretorio del sito web dell' ente http://www.comune.carinaro.ce.it conforme all'originale in DATA 00-00-0000e resterà affissa per n. 15 giorni consecutivi ai sensi dell'art. 124, comma 1, del Dlgs 18 agosto 2000 n. 267 Il Segretario Generale SALVATORE CAPOLUONGO ******************************************************************************** ***************************************************************** CERTIFICATO DI ESECUTIVITA' [ X] Deliberazione dichiarata immediatamente eseguibile ai sensi dell' art. 134, comma 4, del D.Lgs. 267/2000 e.ss.mm.ii. [ ]Deliberazione esecutiva ad ogni effetto di legge decorso il decimo giorno di pubblicazione, ai sensi dell'art. 134, comma 3, del D.Lgs n. 267/2000 e.ss.mm.ii. Il Segretario SALVATORE CAPOLUONGO Documento informatico sottoscritto con firma digitale ai sensi dell'art.24 del D.Lgs. n.82/2005 e ss.mm.ii. OGGETTO: APPROVAZIONE RELAZIONE SULLA PERFORMANCE P. O - ANNO 2025 PARERE DI REGOLARITA' TECNICA (Articolo 147 bis del decreto legislativo 18 agosto 2000, n. 267) Carinaro, lì 17-06-2026 Il Responsabile PICONE VINCENZO OGGETTO: APPROVAZIONE RELAZIONE SULLA PERFORMANCE P. O - ANNO 2025 PARERE DI REGOLARITA' CONTABILE (Articolo 147 bis del decreto legislativo 18 agosto 2000, n. 267) Carinaro, lì 17-06-2026 Il Responsabile FATTORE SALVATORE ORIGINALE COMUNE DI CARINARO Provincia di Caserta DELIBERAZIONE DI GIUNTA COMUNALE N. 51 DEL 18-06-2026 OGGETTO: APPROVAZIONE RELAZIONE SULLA PERFORMANCE P. O - ANNO 2025 C E R T I F I C A T O D I P U B B L I C A Z I O N E Il sottoscritto responsabile della pubblicazione OLIVA LORENZO certifica che copia della presente deliberazione viene pubblicata il giorno 19-06-2026all'Albo Pretorio ove rimarrà affissa per 15 giorni consecutivi sino al 04-07-2026, Carinaro, 19-06-2026 Il Responsabile della pubblicazione OLIVA LORENZO Documento informatico sottoscritto con firma digitale ai sensi dell'art.24 del D.Lgs. n.82/2005 e ss.mm.ii.
ATTO_015;1;PRESO_ATTO_1;"PRESO ATTO che l'art. 6, cc. 1-4, D.L. 9 giugno 2021, n. 80, dispone: ""1. Per assicurare la qualità e la trasparenza dell'attività amministrativa e migliorare la qualità dei servizi ai cittadini e alle imprese e procedere alla costante e progressiva semplificazione e reingegnerizzazione dei processi anche in materia di diritto di accesso, le pubbliche amministrazioni, con esclusione delle scuole di ogni ordine e grado e delle istituzioni educative, di cui all'articolo 1, nan nan nan nan Repubblica, adottati ai sensi dell'articolo 17, comma 2, della legge 23 agosto 1988, n. 400, previa intesa in sede di Conferenza unificata, ai sensi dell'articolo 9, comma 2, del decreto legislativo 28 agosto 1997, n. 281, sono INDIVIDUATI e abrogati gli adempimenti relativi ai piani assorbiti da quello di cui al presente articolo""; nan nan nan nan nan nan"
ATTO_016;1;PREMESSO_1;"PREMESSO che la Repubblica tutela e promuove lo sviluppo della cultura ai sensi dell'art. 9 della Costituzione; che il principio di sussidiarietà orizzontale di cui all'art. 118, comma 4, Cost. impone alle istituzioni pubbliche di favorire l'autonoma iniziativa dei cittadini e delle formazioni sociali per lo svolgimento di attività di interesse generale; che il Comune di Dervio, quale ente esponenziale della comunità locale, persegue tra le proprie finalità istituzionali - ai sensi dell'art. 9, lett. G) dello Statuto - la promozione di manifestazioni per il tempo libero al fine di favorire momenti di incontro e di crescita culturale;"
ATTO_016;2;PREMESSO_2;"PREMESSO ALTRESÌ che la Giunta Comunale esercita, ai sensi dell'art. 48 del D.lgs. 267/2000, la funzione di indirizzo politico-amministrativo dell'Ente e adotta gli atti rientranti nella propria competenza residuale; che rientra tra le attribuzioni proprie della Giunta la decisione di sostenere, mediante partecipazione finanziaria, iniziative di interesse pubblico locale che per la loro natura, dimensione e ricaduta sulla collettività giustifichino il coinvolgimento diretto dell'Ente, in applicazione dei principi di cui agli artt. 3 e 118 Cost. e dell'art. 13 del D.lgs. 267/2000;"
ATTO_016;3;RITENUTO_1;"RITENUTO che il Comune di Dervio è dotato del Regolamento Comunale per la Concessione di Benefici Economici ai sensi dell'art. 12 L. 241/1990, approvato con deliberazione CC n. 29 del 22.07.2013, il cui art. 2 annovera espressamente tra le finalità dell'Ente la «promozione della cultura e dello spettacolo» e la «promozione delle attività artistiche», e il cui art. 8, comma 4, riconosce espressamente alla Giunta Comunale la facoltà di destinare risorse di bilancio al finanziamento di «iniziative di particolare valore sociale, civile, morale o culturale rispetto alle quali la contribuzione del Comune può svolgere una funzione incentivante, di coinvolgimento della popolazione o di potenziamento delle iniziative»; che tale disposizione costituisce specifica attribuzione di indirizzo politico alla Giunta, autonoma rispetto alla procedura ordinaria a bando, applicabile allorché l'iniziativa presenti caratteri di eccezionale rilievo culturale tali da giustificarne il riconoscimento diretto; che, in tale contesto, la qualificazione soggettiva del beneficiario è VALUTATA dalla Giunta in funzione della coerenza dell'iniziativa con le finalità pubbliche perseguite, indipendentemente dall'iscrizione ai registri amministrativi interni dell'Ente;"
ATTO_016;4;RILEVATO_1;"RILEVATO che l'Associazione Musicale TEMA, con sede legale in Lecco, via Cantù 1, C.F. 97302580150, P.IVA 04114100961, promuove il progetto Lecco Classica 2026, candidato al sostegno della Fondazione Comunitaria del Lecchese, all'interno del quale è prevista la realizzazione di un concerto nel territorio comunale, in programma il 29 giugno 2026 presso la Chiesa dei Santi Pietro e Paolo di Dervio, appuntamento che contribuirà ad arricchire l'offerta culturale locale e a valorizzare uno dei luoghi di maggiore interesse storico, artistico e religioso della comunità. L'evento rappresenterà un'importante occasione di incontro tra musica, patrimonio culturale e territorio, favorendo la partecipazione dei cittadini e l'attrattività del Comune nei confronti di visitatori e appassionati;"
ATTO_016;5;RILEVATO_2;RILEVATO altresì che è intenzione dell'Amministrazione Comunale: nan
ATTO_016;6;RILEVATO_3;"RILEVATO che con istanza del 31 marzo 2026, l'Associazione Musicale TEMA, con sede legale in Lecco, via Cantù 1, C.F. 97302580150, P.IVA 04114100961, nella persona del Direttore Artistico M° Rossella Spinosa, ha richiesto la concessione del patrocinio del Comune di Dervio per la realizzazione del concerto programmato il 29 giugno 2026 presso la Chiesa dei Santi Pietro e Paolo in Dervio (LC) nell'ambito del progetto Lecco Classica 2026, in collaborazione con il Festival di Bellagio e del Lago di Como - XV Edizione;"
ATTO_016;7;RILEVATO_4;"RILEVATO CHE L'Associazione musicale Tema ha dichiarato: nan - che il concerto derviese dell'edizione 2025 (XIV Edizione, 29 giugno 2025, «Il violoncello di Dall'Abaco e Marais», con i giovani violoncellisti del progetto CELLOfest) ha riscosso apprezzamento della cittadinanza, confermando la funzione del Festival quale presidio culturale e vetrina turistica del territorio lacustre;"
ATTO_016;8;CONSIDERATO_1;"CONSIDERATO in diritto che: - la presente partecipazione finanziaria dell'Ente all'iniziativa è qualificabile come ATTO di indirizzo politico della Giunta ex art. 48 TUEL, fondato sul perseguimento di un interesse pubblico locale direttamente identificabile: la promozione della cultura, del turismo e dell'immagine del territorio comunale, in applicazione dell'art. 9 Cost. e del principio di sussidiarietà orizzontale ex art. 118, comma 4, Cost.; - l'iniziativa integra i presupposti dell'art. 8, comma 4, del Regolamento per la sussistenza di un «particolare valore culturale», ATTESTATO dalla convergenza di elementi oggettivi verificabili: dimensione sovracomunale e internazionale (20+ concerti, 13+ Comuni, Concorso Wagner); comprovata qualità artistica (Orchestra residente, artisti di rilievo nazionale e internazionale); ingresso libero ai concerti, che massimizza la ricaduta collettiva; presenza fisica dell'evento a Dervio con piano di comunicazione che include esplicitamente il Comune; XV edizione, che ATTESTA continuità e affidabilità organizzativa; - la concessione è sorretta dai criteri che questa Giunta esplicita e che costituiscono l'indirizzo politico adottato per la presente fattispecie: (i) criterio teleologico: l'iniziativa è coerente con le finalità di promozione della cultura, dello spettacolo e delle attività artistiche di cui all'art. 2 del Regolamento e con l'art. 9 lett. G) dello Statuto; (ii) criterio della ricaduta territoriale: l'evento si svolge fisicamente nel territorio comunale e genera visibilità istituzionale e turistica per il Comune; (iii) criterio della proporzionalità: l'importo di € 1.500,00 è congruo rispetto alla valenza dell'iniziativa e contenuto entro le disponibilità di bilancio; - la concessione del patrocinio non comporta assunzione di responsabilità in ordine agli aspetti organizzativi, di sicurezza e normativi della manifestazione, né esonera il beneficiario dall'obbligo di ottenere le autorizzazioni di competenza pubblica;"
ATTO_016;9;VISTO_1;"VISTI gli artt. 9 e 118, comma 4, della Costituzione; VISTO: - l'art. 48 del D.Lgs. 18 agosto 2000, n. 267 (TUEL); - l'art. 13 del D.Lgs. 267/2000, concernente le funzioni e i compiti dei Comuni; - l'art. 9, lett. G) dello Statuto del Comune di Dervio; - il Regolamento Comunale per la Concessione di Benefici Economici ai sensi dell'art. 12 L. 241/1990, approvato con deliberazione CC n. 29 del 22.07.2013, ed in particolare gli artt. 2 (finalità istituzionali) e 8, comma 4 (iniziative di particolare valore culturale - attribuzione alla Giunta); - l'art. 12 della L. 7 agosto 1990, n. 241; - l'art. 3 della L. 241/1990, sull'obbligo di motivazione dei provvedimenti amministrativi; - gli artt. 26 e 27 del D.Lgs. 14 marzo 2013, n. 33 (obblighi di pubblicazione in Amministrazione Trasparente per contributi superiori a € 1.000,00);"
ATTO_016;10;DATO_ATTO_1;"DATO ATTO che sono stati ACQUISITI i pareri favorevoli ai sensi dell'art. 49, comma 1, D.Lgs. 267/2000: - parere di regolarità tecnica del Responsabile del Servizio competente; - parere di regolarità contabile del Responsabile del Servizio Finanziario, con attestazione di copertura finanziaria ai sensi dell'art. 151 TUEL;"
ATTO_016;11;RICONOSCIUTO_1;RICONOSCIUTA la propria competenza ai sensi dell'art. 48 del D.Lgs. n. 267/2000
ATTO_017;1;DATO_ATTO_1;"DATO ATTO che CAFC S.p.A. è gestore unico in house providing (ex art.16 D.Lgs. 175/2016 ed ex artt. 5 e 192 D.Lgs. 50/2016) del servizio idrico integrato nell'Ambito Territoriale Ottimale Centrale Friuli ai sensi degli artt. 147, 149bis e 172 D.Lgs. 152/2006, come da deliberazione assembleare della competente CATO Consulta d'Ambito 07.10.2015, n.16;"
ATTO_017;2;DATO_ATTO_2;"DATO ATTO altresì che il nostro Ente detiene una quota di partecipazione di CAFC S.p.A. pari al 1,59 (diretta) e 0,0947 (indiretta) del capitale sociale;"
ATTO_017;3;RICHIAMATO_1;"RICHIAMATO l'art. 19, comma 5 del D.Lgs. 175/2016 che testualmente recita: ""Le amministrazioni pubbliche socie fissano, con propri provvedimenti, obiettivi specifici, annuali e pluriennali, sul complesso delle spese di funzionamento, ivi comprese quelle per il personale, delle società controllate, anche attraverso il contenimento degli oneri contrattuali e delle assunzioni di personale e TENUTO CONTO di quanto STABILITO all'articolo 25, ovvero delle eventuali disposizioni che stabiliscono, a loro carico, divieti o limitazioni alle assunzioni di personale, tenendo CONTO del settore in cui ciascun soggetto opera"";"
ATTO_017;4;VISTO_1;"VISTA la nota prot. n. 191 del 14.01.2026 con la quale CAFC spa trasmette la propria proposta di ATTO di indirizzo in materia di personale;"
ATTO_017;5;CONSIDERATO_1;"CONSIDERATO che, ad oggi, in materia di personale delle società in house providing (modalità e limiti per le assunzioni in via transitoria ed a regime, modalità di reclutamento, limiti alle retribuzioni) il vigente quadro di riferimento è individuabile nel D.Lgs. 175/2016 (testo unico in materia di società a partecipazione pubblica), in particolare agli artt. 19 e 11 c.6;"
ATTO_017;6;VISTO_2;"VISTI, in allegato al presente ATTO di cui è parte integrante e sostanziale, la relazione e l'ATTO di indirizzo PREDISPOSTI da CAFC S.p.A. relativamente all'oggetto;"
ATTO_017;7;RITENUTO_1;"RITENUTO che l'ATTO di indirizzo suddetto in Allegato 1 possa essere di competenza degli organi esecutivi (Giunte Comunali/Provinciale, Ufficio Presidenza U.T.I.), in quanto si tratta di indicazioni operative e non di indirizzi istituzionali generali che rientrino nelle competenze esclusive dei Consigli ex art. 42, c. 2, lettera e) D.Lgs. 267/2000 (partecipazione a società di capitali, organizzazione di pubblici servizi, concessione di pubblici servizi);"
ATTO_017;8;ACQUISITO_1;"ACQUISITI favorevolmente i pareri resi ai sensi dell'art.49 del D. Lgs. 267/2000 e s.m.i.; PROPONE nan LA GIUNTA COMUNALE VISTA la suesposta proposta di deliberazione; VISTO che sulla stessa sono stati espressi i pareri di cui al D. Lgs. 267/2000; RIUNITO l'organo collegiale nelle forme sopra descritte con l'assistenza del segretario comunale in ossequio all'art. 97 TUEL; VISTO l'art. 1 comma 20 bis della L.R. n. 21 del 11.12.2003 in materia di pubblicazione delle deliberazioni degli enti locali"
ATTO_018;1;PREMESSO_1;"PREMESSO che A&T 2000 S.p.A. è una società a controllo pubblico affidataria in house del servizio di gestione integrata dei rifiuti urbani nel territorio di 79 comuni del Friuli Venezia Giulia, tra cui il Comune di Moimacco, per effetto della Deliberazione n. 37/19 dd. 02.10.2019 dell'Assemblea Regionale D'Ambito di AUSIR;"
ATTO_018;2;DATO_ATTO_1;"DATO ATTO che in A&T 2000 S.p.A. vige un sistema di controllo analogo congiunto regolato secondo specifiche disposizioni statutarie e apposita Convenzione stipulata fra gli Enti soci;"
ATTO_018;3;VISTO_1;"VISTO il c. 5 dell'art. 19 del D. Lgs. n. 175/2016 in base al quale Le amministrazioni pubbliche socie fissano, con propri provvedimenti, obiettivi specifici, annuali e pluriennali, sul complesso delle spese di funzionamento, ivi comprese quelle per il personale, delle società controllate, anche attraverso il contenimento degli oneri contrattuali e delle assunzioni di personale e TENUTO CONTO di quanto STABILITO all'articolo 25, ovvero delle eventuali disposizioni che stabiliscono, a loro carico, divieti o limitazioni alle assunzioni di personale, tenendo CONTO del settore in cui ciascun soggetto opera;"
ATTO_018;4;DATO_ATTO_2;"DATO ATTO che gli elementi relativi alle spese di funzionamento della società e del personale sono state inseriti nel budget per l'anno 2026, che è stato adottato dal Consiglio di Amministrazione di A&T 2000 S.p.A. ed approvato da parte del Coordinamento dei soci per il ""Controllo Analogo congiunto"" e dell'Assemblea dei Soci di A&T 2000 S.p.A. nelle sedute del 10.03.2026;"
ATTO_018;5;ATTESO_1;"ATTESO che A&T 2000 S.p.A. è chiamata a perseguire il costante efficientamento organizzativo e l'ottimizzazione dei suoi costi di funzionamento per l'erogazione dei servizi affidati dall'AUSIR e regolati dalle disposizioni dell'ARERA;"
ATTO_018;6;DATO_ATTO_3;"DATO ATTO che la spesa sostenuta dalla società per le spese di funzionamento dell'organo amministrativo rispetta le disposizioni di cui all'art. 4, comma 4, del Decreto Legge 95/2012;"
ATTO_018;7;VISTO_2;"VISTO il documento adottato dal C.d.A. di A&T 2000 S.p.A. denominato ""OBIETTIVI SULLE SPESE DI FUNZIONAMENTO E DEL PERSONALE DELLA SOCIETA' IN HOUSE A&T 2000 S.p.A. AI SENSI DELL'ART. 19 DEL D.LGS. 175/2016 - ANNO 2026 - ELEMENTI RELATIVI AI COSTI E ALLA POLITICA DEL PERSONALE"", allegato parte integrante e contestuale del presente provvedimento, in cui sono contenuti gli elementi utili per la fissazione di tali obiettivi, relativi in particolare ai costi e alla politica del personale della Società;"
ATTO_018;8;DATO_ATTO_4;"DATO ATTO che il documento in parola è stato approvato da parte del Coordinamento dei soci per il ""Controllo Analogo congiunto"" e dell'Assemblea dei Soci di A&T 2000 S.p.A. nelle sedute del 10.03.2026, che hanno fissato e fatto propri gli obiettivi ed elementi di gestione ivi INDIVIDUATI relativamente al contenimento dei costi di funzionamento ed in particolare delle spese per il personale della società A&T 2000 S.p.A., dando ATTO che gli obiettivi in parola saranno recepiti da parte degli organi competenti degli Enti Soci mediante propri provvedimenti come previsto dall'art. 19, comma 5, del D.Lgs. 175/2016;"
ATTO_018;9;RITENUTO_1;"RITENUTO che la politica del personale ivi descritta, accompagnata da un'oculata gestione del contratto integrativo aziendale, individui in maniera compiuta ed esauriente gli obiettivi e gli indicatori atti a perseguire le strategie aziendali nell'anno 2026, con il mantenimento da parte di A&T 2000 S.p.A. dell'obiettivo del contenimento dei costi del personale al netto delle dinamiche salariali indotte dal CCNL;"
ATTO_018;10;CONSIDERATO_1;"CONSIDERATO che la dotazione organica del personale ivi indicata, dal punto di VISTA numerico, potrà subire variazioni dovute a cessazioni dal rapporto, sostituzioni temporanee per eventi quali maternità, malattia o infortunio, attivazione o ampliamento dei servizi affidati e conseguente rafforzamento delle strutture organizzative, incluse le attività d'ufficio, rese necessarie dall'incremento dei volumi operativi o dall'estensione delle funzioni aziendali, garantendo in ogni caso tutti i principi di contenimento dei costi previsti;"
ATTO_018;11;ATTESO_2;"ATTESO che il presente ATTO rientra tra i provvedimenti soggetti a pubblicazione sul sito internet istituzionale sia della società che delle pubbliche amministrazioni socie, ai sensi dell'art. 19, c. 7, del D. Lgs. n. 175/2016;"
ATTO_018;12;RITENUTO_2;"RITENUTO che l'ATTO di indirizzo suddetto in Allegato 1 possa essere di competenza degli organi esecutivi (Giunte Comunali/Provinciale, Ufficio Presidenza U.T.I.), in quanto si tratta di indicazioni operative e non di indirizzi istituzionali generali che rientrino nelle competenze esclusive dei Consigli ex art. 42, c. 2, lettera e) D.Lgs. 267/2000 (partecipazione a società di capitali, organizzazione di pubblici servizi, concessione di pubblici servizi);"
ATTO_018;13;ACQUISITO_1;"ACQUISITI favorevolmente i pareri resi ai sensi dell'art.49 del D. Lgs. 267/2000 e s.m.i.; PROPONE nan LA GIUNTA COMUNALE VISTA la suesposta proposta di deliberazione; VISTO che sulla stessa sono stati espressi i pareri di cui al D. Lgs. 267/2000; RIUNITO l'organo collegiale nelle forme sopra descritte con l'assistenza del segretario comunale in ossequio all'art. 97 TUEL; VISTO l'art. 1 comma 20 bis della L.R. n. 21 del 11.12.2003 in materia di pubblicazione delle deliberazioni degli enti locali;"
ATTO_019;1;PREMESSO_1;"PREMESSO che A&T 2000 S.p.A. è una società a controllo pubblico affidataria in house del servizio di gestione integrata dei rifiuti urbani nel territorio di 79 comuni del Friuli Venezia Giulia, tra cui il Comune di Moimacco per effetto della Deliberazione n. 37/19 dd. 02.10.2019 dell'Assemblea Regionale D'Ambito di AUSIR;"
ATTO_019;2;DATO_ATTO_1;"DATO ATTO che in A&T 2000 S.p.A. vige un sistema di controllo analogo congiunto regolato secondo specifiche disposizioni statutarie e apposita Convenzione stipulata fra gli Enti soci;"
ATTO_019;3;VISTO_1;"VISTO il c. 5 dell'art. 19 del D. Lgs. n. 175/2016 in base al quale Le amministrazioni pubbliche socie fissano, con propri provvedimenti, obiettivi specifici, annuali e pluriennali, sul complesso delle spese di funzionamento, ivi comprese quelle per il personale, delle società controllate, anche attraverso il contenimento degli oneri contrattuali e delle assunzioni di personale e TENUTO CONTO di quanto STABILITO all'articolo 25, ovvero delle eventuali disposizioni che stabiliscono, a loro carico, divieti o limitazioni alle assunzioni di personale, tenendo CONTO del settore in cui ciascun soggetto opera;"
ATTO_019;4;DATO_ATTO_2;"DATO ATTO che gli elementi relativi alle spese di funzionamento della società e del personale sono state inseriti nel budget per l'anno 2025, che è stato adottato dal Consiglio di Amministrazione, sottoposto all'analisi della Commissione per il ""Controllo Analogo congiunto"" e approvato da parte del Coordinamento dei soci per il ""Controllo Analogo congiunto"" e dell'Assemblea dei Soci di A&T 2000 S.p.A. nelle sedute del 28.01.2025;"
ATTO_019;5;ATTESO_1;"ATTESO che A&T 2000 S.p.A. è chiamata a perseguire il costante efficientamento organizzativo e l'ottimizzazione dei suoi costi di funzionamento per l'erogazione dei servizi affidati dall'AUSIR e regolati dalle disposizioni dell'ARERA;"
ATTO_019;6;DATO_ATTO_3;"DATO ATTO che la spesa sostenuta dalla società per le spese di funzionamento dell'organo amministrativo rispetta le disposizioni di cui all'art. 4, comma 4, del Decreto Legge 95/2012;"
ATTO_019;7;VISTO_2;"VISTO il documento denominato ""OBIETTIVI SULLE SPESE DI FUNZIONAMENTO E DEL PERSONALE DELLA SOCIETA' IN HOUSE A&T 2000 S.p.A. AI SENSI DELL'ART. 19 DEL D.LGS. 175/2016 - ANNO 2025 - ELEMENTI RELATIVI AI COSTI E ALLA POLITICA DEL PERSONALE"", allegato parte integrante e contestuale del presente provvedimento, adottato dal C.d.A. di A&T 2000 S.p.A., in cui sono contenuti gli elementi utili per la fissazione di tali obiettivi, relativi in particolare ai costi e alla politica del personale della Società;"
ATTO_019;8;RITENUTO_1;"RITENUTO che la politica del personale ivi descritta, accompagnata da un'oculata gestione del contratto integrativo aziendale, individui in maniera compiuta ed esauriente gli obiettivi e gli indicatori atti a perseguire le strategie aziendali nell'anno 2025, con il mantenimento da parte di A&T 2000 S.p.A. dell'obiettivo del contenimento dei costi del personale al netto delle dinamiche salariali indotte dal CCNL;"
ATTO_019;9;CONSIDERATO_1;"CONSIDERATO che la dotazione organica del personale ivi indicata, dal punto di VISTA numerico, potrà subire variazioni dovute ad eventuali uscite dall'azienda per quiescenza o ad eventuali necessità di sostituzioni anche temporanee per eventi quali maternità, malattia o infortunio, garantendo in ogni caso tutti i principi di contenimento dei costi previsti;"
ATTO_019;10;DATO_ATTO_4;"DATO ATTO che gli elementi ed obiettivi innanzi RICHIAMATI potrebbero richiedere eventuali modifiche ed integrazioni in presenza di significative azioni di riorganizzazione o modifica operativa dei servizi resi da A&T 2000 S.p.A. o di future variazioni aziendali e societarie;"
ATTO_019;11;ATTESO_2;"ATTESO che il presente ATTO rientra tra i provvedimenti soggetti a pubblicazione sul sito internet istituzionale sia della società che delle pubbliche amministrazioni socie, ai sensi dell'art. 19, c. 7, del D. Lgs. n. 175/2016; PROPONE nan"
ATTO_019;12;VISTO_3;"VISTA la suesposta proposta di deliberazione; VISTO che sulla stessa sono stati espressi i pareri di cui al D. Lgs. 267/2000; RIUNITO l'organo collegiale nelle forme sopra descritte con l'assistenza del segretario comunale in ossequio all'art. 97 TUEL; VISTO l'art. 1 comma 20 bis della L.R. n. 21 del 11.12.2003 in materia di pubblicazione delle deliberazioni degli enti locali; Il Sindaco prende la parola: è un ATTO dovuto in base al Testo Unico sulle partecipate; anche le società partecipate sono TENUTE a contenere le spese di personale, redigendo annualmente il presente ATTO che va approvato dalle singole amministrazioni."
ATTO_019;13;DATO_ATTO_5;"DATO ATTO che gli interventi sono registrati su supporto informatico depositato presso la segreteria che costituisce, ex art. 22, L. n. 241/1990 e s.m.i., documentazione a comprova della discussione ai sensi dell'art. 44 del Regolamento del Consiglio Comunale; UDITA quindi la proposta del Presidente, si procede a votazione sull'argomento in esame. Procedutosi a votazione nei modi e nelle forme previste dalla legge, si ottiene il seguente risultato: Voti favorevoli: 12 unanimità Voti contrari:Astenuti: pertanto, in esito alla suddetta votazione con voti resi ed ACCERTATI nelle forme di legge"
ATTO_020;1;PREMESSO_1;"PREMESSO che A&T 2000 S.p.A. è una società a controllo pubblico affidataria in house del servizio di gestione integrata dei rifiuti urbani nel territorio di 79 comuni del Friuli Venezia Giulia, tra cui il Comune di Moimacco per effetto della Deliberazione n. 37/19 dd. 02.10.2019 dell'Assemblea Regionale D'Ambito di AUSIR;"
ATTO_020;2;DATO_ATTO_1;"DATO ATTO che in A&T 2000 S.p.A. vige un sistema di controllo analogo congiunto regolato secondo specifiche disposizioni statutarie e apposita Convenzione stipulata fra gli Enti soci;"
ATTO_020;3;VISTO_1;"VISTO il c. 5 dell'art. 19 del D. Lgs. n. 175/2016 in base al quale Le amministrazioni pubbliche socie fissano, con propri provvedimenti, obiettivi specifici, annuali e pluriennali, sul complesso delle spese di funzionamento, ivi comprese quelle per il personale, delle società controllate, anche attraverso il contenimento degli oneri contrattuali e delle assunzioni di personale e TENUTO CONTO di quanto STABILITO all'articolo 25, ovvero delle eventuali disposizioni che stabiliscono, a loro carico, divieti o limitazioni alle assunzioni di personale, tenendo CONTO del settore in cui ciascun soggetto opera;"
ATTO_020;4;CONSIDERATO_1;"CONSIDERATO che gli obiettivi sul complesso delle spese di funzionamento della società così fissati vengono recepiti nel budget adottato dal Consiglio di Amministrazione e sottoposto al parere della Commissione per il ""Controllo Analogo congiunto"" e all'approvazione da parte del Coordinamento dei soci per il ""Controllo Analogo congiunto"";"
ATTO_020;5;ATTESO_1;"ATTESO che A&T 2000 S.p.A. è chiamata a perseguire il costante efficientamento organizzativo e l'ottimizzazione dei suoi costi di funzionamento per l'erogazione dei servizi affidati dall'AUSIR e regolati dalle disposizioni dell'ARERA;"
ATTO_020;6;DATO_ATTO_2;"DATO ATTO che la spesa sostenuta dalla società per le spese di funzionamento dell'organo amministrativo rispetta le disposizioni di cui all'art. 4, comma 4, del Decreto Legge 95/2012;"
ATTO_020;7;VISTO_2;"VISTO il documento denominato ""OBIETTIVI SULLE SPESE DI FUNZIONAMENTO E DEL PERSONALE DELLA SOCIETA' IN HOUSE A&T 2000 S.p.A. AI SENSI DELL'ART. 19 DEL D.LGS. 175/2016 ANNO 2024"", allegato parte integrante e contestuale del presente provvedimento, adottato dal C.d.A. di A&T 2000 S.p.A. e sottoposto all'esame della Commissione ""per il controllo analogo congiunto"" della Società, in cui sono contenuti gli elementi utili per la fissazione di tali obiettivi, relativi in particolare ai costi e alla politica del personale della Società;"
ATTO_020;8;RITENUTO_1;"RITENUTO che la politica del personale ivi descritta, accompagnata da un'oculata gestione del contratto integrativo aziendale, individui in maniera compiuta ed esauriente gli obiettivi e gli indicatori atti a perseguire le strategie aziendali nell'anno 2024, con il mantenimento da parte di A&T 2000 S.p.A. dell'obiettivo del contenimento dei costi del personale al netto delle dinamiche salariali indotte dal CCNL;"
ATTO_020;9;CONSIDERATO_2;"CONSIDERATO che la dotazione organica del personale ivi indicata, dal punto di VISTA numerico, potrà subire variazioni dovute ad eventuali uscite dall'azienda per quiescenza o ad eventuali necessità di sostituzioni anche temporanee per eventi quali maternità, malattia o infortunio, garantendo in ogni caso tutti i principi di contenimento dei costi previsti;"
ATTO_020;10;DATO_ATTO_3;"DATO ATTO che gli elementi ed obiettivi innanzi RICHIAMATI potrebbero richiedere eventuali modifiche ed integrazioni in presenza di significative azioni di riorganizzazione o modifica operativa dei servizi resi da A&T 2000 S.p.A. o di future variazioni aziendali e societarie;"
ATTO_020;11;ATTESO_2;"ATTESO che il presente ATTO rientra tra i provvedimenti soggetti a pubblicazione sul sito internet istituzionale sia della società che delle pubbliche amministrazioni socie, ai sensi dell'art. 19, c. 7, del D. Lgs. n. 175/2016; PROPONE nan IL CONSIGLIO COMUNALE VISTA la suesposta proposta di deliberazione; VISTO che sulla stessa sono stati espressi i pareri di cui al D. Lgs. 267/2000; RIUNITO l'organo collegiale nelle forme sopra descritte con l'assistenza del segretario comunale in ossequio all'art. 97 TUEL; VISTO l'art. 1 comma 20 bis della L.R. n. 21 del 11.12.2003 in materia di pubblicazione delle deliberazioni degli enti locali; Il Sindaco prende la parola e comunica che come è noto la società in oggetto gestisce il ciclo integrato dei rifiuti per il Comune. Il comune è TENUTO a fissare, in virtù del decreto Madia, obiettivi circa le spese di funzionamento e del personale al fine del loro contenimento."
ATTO_020;12;DATO_ATTO_4;"DATO ATTO che gli interventi sono registrati su supporto informatico depositato presso la segreteria che costituisce, ex art. 22, L. n. 241/1990 e s.m.i., documentazione a comprova della discussione ai sensi dell'art. 44 del Regolamento del Consiglio Comunale; UDITA quindi la proposta del Presidente, si procede a votazione sull'argomento in esame. Procedutosi a votazione nei modi e nelle forme previste dalla legge, si ottiene il seguente risultato: Voti favorevoli: 11 Voti contrari: Astenuti: pertanto, in esito alla suddetta votazione con voti resi ed ACCERTATI nelle forme di legge"
