id_delibera;ordine_globale;tipo_blocco;testo_blocco;;
ATTO_051;1;ACCERTATO_1;"Accertato che la concessione non è a titolo oneroso, ma prevede obblighi da ambo le parti riportati agli articoli 3 e 4 dell’allegato accordo;";;
ATTO_051;2;VISTO_1;"Visto l’allegato accordo di valorizzazione che si allega alla presente per farne parte integrante e sostanziale e ritenuto meritevole di approvazione;";;
ATTO_051;3;VISTO_2;"VISTO l’art. 147/bis del TULP (D.Lgs. 267/00 e smi) e dato atto che sulla proposta di deliberazione è stato acquisito il prescritto parere favorevole di regolarità tecnica;";;
ATTO_051;4;DISPOSITIVO_DELIBERA;"DELIBERA 1. Di approvare, per le motivazioni in premessa indicate che qui s’intendono integralmente richiamate, l’allegato accordo di valorizzazione per la concessione dell’utilizzo a titolo non oneroso del cortile d’onore del Castello Ducale di Agliè, da parte della Direzione Regionale Musei Piemonte; 2. Di demandare al Sindaco la sottoscrizione dell’accordo in rappresentanza del Comune di Agliè; 3. Di demandare all’ufficio segreteria, ufficio tecnico e polizia locale dell’ente, ciascuno per le proprie competenze, l’assunzione di ogni atto necessario all’attuazione di quanto riportato nelle concessioni; 4. Di rendere la presente deliberazione immediatamente eseguibile ed urgente stante l’esito di apposita e separata votazione palese che ha sortito l’unanimità dei consensi favorevoli.";;
ATTO_052;1;RICHIAMATO_1;"RICHIAMATA la delibera del Consiglio Comunale n.10 del 30.04.2026, dichiarata immediatamente seguibile, con la quale è stato approvato il regolamento volto a disciplinare le benemerenze e onorificenze da assegnare a coloro che si sono distinti nel campo dell’arte, letteratura, sport, scienza, cultura, musica, attività sociale, morale, filantropica e in ogni altra attività pubblica o privata particolarmente meritevole di riconoscimento;";;
ATTO_052;2;CONSIDERATO_1;"CONSIDERATO che in base a tale regolamento il Comune di Agugliano, in segno di gratitudine e riconoscimento, può conferire la cittadinanza onoraria anche a soggetti non residenti che si siano particolarmente distinti per i motivi di cui al presente articolo, non solo all’interno della comunità ma anche in Italia e all’estero;";;
ATTO_052;3;RICHIAMATO_2;RICHIAMATO l’art. 4, comma 3, del regolamento per il Conferimento della Cittadinanza Onoraria e delle Civiche Benemerenze, approvato con delibera di Consiglio Comunale di Agugliano n. 10 del 30/04/2026, dichiarata immediatamente seguibile,, da cui si evince che in alternativa alla procedura ordinaria per la concessione di benemerenze e cittadinanze di cui all’ art. 4, commi 1 e 2:;;
ATTO_052;4;RICORDATO_1;"RICORDATO che Padre Massimo Bartoli, nato ad Agugliano il 27/9/1954, è cittadino italiano residente all'estero in quanto missionario saveriano assegnato alla circoscrizione Brasile Nord in cui recentemente è stato parroco, economo locale e rettore della casa di Abaetetuba e oggi operatore del centro di formazione di Ananindeua. E’ entrato nella Pia Società di S. Francesco Saverio per le missioni estere nel lontano 30/09/1974, dopo alcuni anni di studio e formazione teologica viene ordinato sacerdote a Parma il 20/9/1981. Quasi immediatamente viene inviato in missione nella zona dell'Amazzonia nel Brasile del Nord in una parrocchia di enormi dimensioni. Nelle giornate di formazione organizzate a Cagliari egli esortava così partecipanti: ""Non lasciamoci rubare l'entusiasmo missionario! Dobbiamo portare a tutti la Buona Novella, specialmente ai poveri, affranti da un potere politico corrotto ed egoista!"".
La cittadinanza onoraria gli viene conferita per aver dedicato tutta la sua vita ad aiutare i poveri in terra straniera e per il suo incessante impegno nel campo sociale, morale e religioso, sempre rispettoso della cultura locale presso le missioni estere della Pia Società di S. Francesco Saverio, per la quale ha rivestito diversi ruoli di responsabilità;";;
ATTO_052;5;CONSIDERATO_2;"CONSIDERATO che:
- la Giunta Comunale di Agugliano intende sottoporre all’approvazione dell’imminente Consiglio Comunale di Agugliano, la proposta di conferimento della cittadinanza onoraria al missionario saveriano “Padre Massimo Bartoli” originario del Comune di Agugliano, cittadino Italiano residente all’estero;
- l’arrivo di Padre Massimo Bartoli è previsto per il 10 luglio c.a.;
- si ritiene meritevole presentare proposta al Consiglio Comunale di Agugliano di conferimento della cittadinanza onoraria al missionario saveriano “Padre Massimo Bartoli” per avere dedicato tutta la vita ad aiutare i poveri in terra straniera e per l’incessante impegno nel campo sociale, morale e religioso;";;
ATTO_052;6;DATO_ATTO_1;"DATO ATTO che la presente deliberazione, ai sensi dell’art. 49 e dell’art.147-bis comma 1 del D.Lgs. n. 267 del 18.08.2000, è corredata del parere favorevole di regolarità tecnica del Funzionario Responsabile del Settore proponente;";;
ATTO_052;7;DATO_ATTO_2;"DATO ATTO che la presente deliberazione, non comportando riflessi diretti o indiretti sulla situazione economico-finanziaria o sul patrimonio dell’Ente, non necessita, ai sensi dell’art. 49 e dell’art. 147-bis comma 1 del D.Lgs. n. 267 del 18.08.2000, del parere favorevole di regolarità contabile del Funzionario Responsabile dell’Ufficio Ragioneria;";;
ATTO_052;8;DISPOSITIVO_DELIBERA;"DELIBERA 1) La premessa costituisce parte integrante e sostanziale del presente atto. 2) Di sottoporre all’approvazione dell’imminente Consiglio Comunale di Agugliano, la proposta di conferimento della cittadinanza onoraria al missionario saveriano “Padre Massimo Bartoli” originario del Comune di Agugliano, cittadino Italiano residente all’estero, per le motivazioni descritte in premessa. INFINE la Giunta Comunale, con separata votazione unanime e favorevole espressa in modo palese per alzata di mano, considerato l’imminente Consiglio Comunale di Agugliano; DICHIARA la presente delibera immediatamente eseguibile, ai sensi dell’art. 134, comma 4, del D.Lgs. 18/08/2000 n. 267.";;
ATTO_053;1;PREMESSO_1;"VISTA la Deliberazione CC n. 3 del 13/03/2026 di approvazione del documento unico di programmazione (DUP) - periodo 2026-2028 discussione e conseguente deliberazione (art. 170, comma 1, del d.lgs. n. 267/2000);";;
ATTO_053;2;PRESO_ATTO_1;"Preso atto che l’art. 6, commi 1-4, del D.L. 9 giugno 2021, n. 80, dispone:
1. Per assicurare la qualità e la trasparenza dell'attività amministrativa e migliorare la qualità dei servizi ai cittadini e alle imprese e procedere alla costante e progressiva semplificazione e reingegnerizzazione dei processi anche in materia di diritto di accesso, le pubbliche amministrazioni, con esclusione delle scuole di ogni ordine e grado e delle istituzioni educative, di cui all'articolo 1, comma 2, del decreto legislativo 30 marzo 2001, n. 165, con più di cinquanta dipendenti, entro il 31 gennaio di ogni anno adottano il Piano integrato di attività e organizzazione, di seguito denominato Piano, nel rispetto delle vigenti discipline di settore e, in particolare, del decreto legislativo 27 ottobre 2009, n. 150 e della legge 6 novembre 2012, n. 190.
2. Il Piano ha durata triennale, viene aggiornato annualmente e definisce:
h) gli obiettivi programmatici e strategici della performance secondo i principi e criteri direttivi di cui all'articolo 10 del decreto legislativo 27 ottobre 2009, n. 150, stabilendo il necessario collegamento della performance individuale ai risultati della performance organizzativa;
i) la strategia di gestione del capitale umano e di sviluppo organizzativo, anche mediante il ricorso al
lavoro agile, e gli obiettivi formativi annuali e pluriennali, finalizzati ai processi di pianificazione secondo le logiche del project management, al raggiungimento della completa alfabetizzazione digitale, allo sviluppo delle conoscenze tecniche e delle competenze trasversali e manageriali e all'accrescimento culturale e dei titoli di studio del personale, correlati all'ambito d'impiego e alla progressione di carriera del personale;
j) compatibilmente con le risorse finanziarie riconducibili al piano triennale dei fabbisogni di personale, di cui all'articolo 6 del decreto legislativo 30 marzo 2001, n. 165, gli strumenti e gli obiettivi del reclutamento di nuove risorse e della valorizzazione delle risorse interne, prevedendo, oltre alle forme di reclutamento ordinario, la percentuale di posizioni disponibili nei limiti stabiliti dalla legge destinata alle progressioni di carriera del personale, anche tra aree diverse, e le modalità di valorizzazione a tal fine dell'esperienza professionale maturata e dell'accrescimento culturale conseguito anche attraverso le attività poste in essere ai sensi della lettera b), assicurando adeguata informazione alle organizzazioni sindacali;
k) gli strumenti e le fasi per giungere alla piena trasparenza dei risultati dell’attività e dell'organizzazione amministrativa nonché' per raggiungere gli obiettivi in materia di contrasto alla corruzione, secondo quanto previsto dalla normativa vigente in materia e in conformità agli indirizzi adottati dall’Autorità nazionale anticorruzione (ANAC) con il Piano nazionale anticorruzione;
l) l'elenco delle procedure da semplificare e reingegnerizzare ogni anno, anche mediante il ricorso alla tecnologia e sulla base della consultazione degli utenti, nonché la pianificazione delle attività inclusa la graduale misurazione dei tempi effettivi di completamento delle procedure effettuata attraverso strumenti automatizzati;
m) le modalità e le azioni finalizzate a realizzare la piena accessibilità alle amministrazioni, fisica e digitale, da parte dei cittadini ultrasessantacinquenni e dei cittadini con disabilità;
n) le modalità e le azioni finalizzate al pieno rispetto della parità di genere, anche con riguardo alla composizione delle commissioni esaminatrici dei concorsi.
3. Il Piano definisce le modalità di monitoraggio degli esiti, con cadenza periodica, inclusi gli impatti sugli utenti, anche attraverso rilevazioni della soddisfazione degli utenti stessi mediante gli strumenti di cui al decreto legislativo 27 ottobre 2009, n. 150, nonché le modalità di monitoraggio dei procedimenti attivati ai sensi del decreto legislativo 20 dicembre 2009, n. 198.
4. Le pubbliche amministrazioni di cui al comma 1 del presente articolo pubblicano il Piano e i relativi aggiornamenti entro il 31 gennaio di ogni anno nel proprio sito internet istituzionale e li inviano al Dipartimento della funzione pubblica della Presidenza del Consiglio dei ministri per la pubblicazione sul relativo portale.”;";;
ATTO_053;3;VISTO_1;"Visti inoltre:
l’art. 6, comma 5, del D.L. 9 giugno 2021, n. 80, come modificato dall’art. 1, comma 12, del D.L. 30 dicembre 2021, n. 228, il quale stabilisce che: “5. Entro il 31 marzo 2022, con uno o più decreti del Presidente della Repubblica, adottati ai sensi dell'articolo 17, comma 2, della legge 23 agosto 1988, n. 400, previa intesa in sede di Conferenza unificata, ai sensi dell'articolo 9, comma 2, del decreto legislativo 28 agosto 1997, n. 281, sono individuati e abrogati gli adempimenti relativi ai piani assorbiti da quello di cui al presente articolo”;
- l’art. 6, comma 6, del D.L. 9 giugno 2021, n. 80, come modificato dall’art. 1, comma 12, del D.L. 30 dicembre 2021, n. 228, il quale stabilisce che: “6. Entro il medesimo termine di cui al comma 5, con decreto del Ministro per la pubblica amministrazione, di concerto con il Ministro dell'economia e delle finanze, previa intesa in sede di Conferenza unificata, ai sensi dell'articolo 9, comma 2, del decreto legislativo 28 agosto 1997, n. 281, è adottato un Piano tipo, quale strumento di supporto alle amministrazioni di cui al comma 1. Nel Piano tipo sono definite modalità semplificate per l'adozione del Piano di cui al comma 1 da parte delle amministrazioni con meno di cinquanta dipendenti”;
- l’art. 6, comma 7, del D.L. 9 giugno 2021, n. 80, il quale stabilisce che: “7. In caso di mancata adozione del Piano trovano applicazione le sanzioni di cui all'articolo 10, comma 5, del decreto legislativo 27 ottobre 2009, n. 150, ferme restando quelle previste dall'articolo 19, comma 5, lettera b), del decreto-legge 24 giugno 2014, n. 90, convertito, con modificazioni, dalla legge 11 agosto 2014, n. 114”;
- l’art. 6, comma 8, del D.L. 9 giugno 2021, n. 80, il quale stabilisce che: “8. All'attuazione delle disposizioni di cui al presente articolo le amministrazioni interessate provvedono con le risorse umane, strumentali e finanziarie disponibili a legislazione vigente. Gli enti locali con meno di 15.000 abitanti provvedono al monitoraggio dell'attuazione del presente articolo e al monitoraggio delle performance organizzative anche attraverso l'individuazione di un ufficio associato tra quelli esistenti in ambito provinciale o metropolitano, secondo le indicazioni delle Assemblee dei sindaci o delle Conferenze metropolitane”.";;
ATTO_053;4;PRESO_ATTO_2;"Preso atto che:
- il 30 giugno 2022, previa intesa in Conferenza Unificata, ai sensi dell'art. 9, comma 2, del D.L.vo 28 agosto 1997, n. 281, è stato pubblicato sulla Gazzetta Ufficiale Serie Generale, n. 151, il Decreto del Presidente della Repubblica n. 81, recante “Regolamento recante individuazione degli adempimenti relativi ai Piani assorbiti dal Piano integrato di attività e organizzazione”;
- il 30 giugno 2022, previa intesa in Conferenza Unificata, ai sensi dell'art. 9, comma 2, del D.L.vo 28 agosto 1997, n. 281, è stato pubblicato il Decreto del Ministro per la Pubblica Amministrazione concernente la definizione del contenuto del Piano Integrato di Attività e Organizzazione;";;
ATTO_053;5;DATO_ATTO_1;"Dato atto che il Comune di Africo alla data del 31/12/2021, conta una popolazione residente inferiore a 5.000 abitanti e pertanto rientra nella definizione di piccoli comuni di cui all’art. 1, comma 2, della L. n. 158/2017;";;
ATTO_053;6;CONSIDERATO_1;"Considerato che il Comune di Africo ha provveduto ad approvare i seguenti provvedimenti di pianificazione e programmazione, i quali, ai sensi dell’art. 6, comma 2, del D.L. 9 giugno 2021, n. 80, nonché delle indicazioni contenute nel Regolamento recante l’individuazione e l’abrogazione degli adempimenti relativi ai Piani assorbiti dal Piano Integrato di Attività e Organizzazione (PIAO) e nel Decreto del Ministro per la Pubblica Amministrazione concernente la definizione del contenuto del Piano Integrato di Attività e Organizzazione (PIAO), sono assorbiti nel Piano Integrato di Attività e Organizzazione (PIAO):
- Piano triennale del fabbisogno del personale 2022/2024, approvato con deliberazione di Giunta Comunale n. 76 del 10/11/2022;
- Piano Triennale per la Prevenzione della Corruzione e della Trasparenza 2022/2024, approvato con deliberazione di Giunta Comunale n. 14 del 30/03/2022, esecutiva;
- Ricognizione annuale delle condizioni di soprannumero e di eccedenza del personale anno 2022 ai sensi dell’art. 33 D.lgs. 165/2001, approvata con delibera della G.C. n. 33 del 10/05/2022;
- Piano della Performance 2022/2024- PEG , approvato con deliberazione di Giunta Comunale n. 46 del 22/07/2022 esecutiva;
- Piano delle azioni positive 2022/2024, approvato con deliberazione di Giunta Comunale n. 30 del 10/05/2022, esecutiva;";;
ATTO_053;7;RILEVATO_1;"Rilevato che il D.P.R. 30 giugno 2022, n. 81 recante: “Regolamento recante individuazione degli adempimenti relativi ai Piani assorbiti dal Piano integrato di attività e organizzazione”, pubblicato sulla Gazzetta Ufficiale Serie Generale n. 151 del 30 giugno 2022, stabilisce:
- all’art. 1, comma 3, che: “Le amministrazioni pubbliche di cui all'articolo 1, comma 2, del decreto legislativo 30 marzo 2001, n. 165, con non più di cinquanta dipendenti sono tenute al rispetto degli adempimenti stabiliti nel decreto del Ministro della pubblica amministrazione di cui all’articolo 6, comma 6, del decreto-legge n. 80 del 2021.”;
- all’art. 1, comma 4, la soppressione del terzo periodo dell’art. 169, comma 3-bis del decreto legislativo 18 agosto 2000, n. 267, che recitava: “Il piano dettagliato degli obiettivi di cui all'art. 108, comma 1, del presente testo unico e il piano della performance di cui all'art. 10 del decreto legislativo 27 ottobre 2009, n. 150, sono unificati organicamente nel PEG.”, decretando pertanto la separazione fra il Piano Esecutivo di Gestione, come definito nel citato art. 169, del decreto legislativo 18 agosto 2000, n. 267 e la definizione degli obiettivi di performance dell’Amministrazione;
- all’art. 2, comma 1, che per gli Enti Locali, di cui all’articolo 2, comma 1, del decreto legislativo 18 agosto 2000, n. 267, il piano dettagliato degli obiettivi di cui all’articolo 108, comma 1, del medesimo decreto legislativo e il piano della performance di cui all’articolo 10 del decreto legislativo 27 ottobre 2009, n. 150, sono assorbiti nel piano integrato di attività e organizzazione di cui all’articolo 6 del decreto-legge 9 giugno 2021, n. 80, convertito, con modificazioni, dalla legge 6 agosto 2021, n. 113.;";;
ATTO_053;8;PRESO_ATTO_3;"Preso atto che il decreto del Ministro per la Pubblica Amministrazione concernente la definizione del contenuto del Piano Integrato di Attività e Organizzazione, nonché le modalità semplificate per l’adozione dello stesso per gli Enti con meno di 50 dipendenti, stabilisce all’art. 2, comma 1, in combinato disposto con l’art. 6 del Decreto medesimo, il quale reca le modalità semplificate per la redazione del PIAO per le amministrazioni con meno di cinquanta dipendenti, che il PIAO contiene la scheda anagrafica dell’Amministrazione ed è suddiviso nelle Sezioni di cui agli artt. 3, 4 e 5 del Decreto stesso e ciascuna Sezione è a sua volta ripartita in sottosezioni di programmazione, riferite a specifici ambiti di attività amministrativa e gestionale;";;
ATTO_053;9;PRESO_ATTO_4;"Preso, inoltre, atto che il suddetto decreto dispone:
- all’art. 2, comma 2, che: “Sono esclusi dal Piano integrato di attività e organizzazione gli adempimenti di carattere finanziario non contenuti nell’elenco di cui all’articolo 6, comma 2,
lettere da a) a g), del decreto-legge 9 giugno 2021, n. 80, convertito, con modificazioni, dalla legge 6 agosto 2021, n. 113.”;
- all’art. 6 le modalità semplificate per la redazione del PIAO per le amministrazioni con meno di cinquanta dipendenti, disponendo in particolare al comma 4, che: “Le amministrazioni con meno di 50 dipendenti procedono esclusivamente alle attività di cui al presente articolo, nonché a quanto previsto dal primo periodo dell’articolo 6, comma 1.”
- all’art. 7, comma 1, che: “Ai sensi dell’articolo 6, commi 1 e 4, del decreto-legge 9 giugno 2021, n. 80, convertito, con modificazioni, dalla legge 6 agosto 2021, n. 113, il piano integrato di attività e organizzazione è adottato entro il 31 gennaio, secondo lo schema di Piano tipo cui all’articolo 1, comma 3, del presente decreto, ha durata triennale e viene aggiornato annualmente entro la predetta data. Il Piano è predisposto esclusivamente in formato digitale ed è pubblicato sul sito istituzionale del Dipartimento della funzione pubblica della Presidenza del Consiglio dei Ministri e sul sito istituzionale di ciascuna amministrazione.”
- all’art. 9 che: “Ai sensi dell’articolo 6, comma 8, del decreto-legge 9 giugno 2021, n. 80, convertito, con modificazioni, dalla legge 6 agosto 2021, n. 113, gli enti locali con meno di 15.000 abitanti provvedono al monitoraggio dell'attuazione del presente decreto e al monitoraggio delle performance organizzative anche attraverso l'individuazione di un ufficio associato tra quelli esistenti in ambito provinciale o metropolitano, secondo le indicazioni delle Assemblee dei sindaci o delle Conferenze metropolitane.”
- all’art. 11, comma 1, che il Piano Integrato di Attività e Organizzazione, negli Enti Locali è approvato dalla Giunta Comunale.";;
ATTO_053;10;DATO_ATTO_2;"Dato atto che il Comune di Africo ha provveduto a dare attuazione a tutte le disposizioni normative relative ai documenti di pianificazione e programmazione, con distinte e separate deliberazioni nel rispetto della normativa vigente all’epoca della loro approvazione;";;
ATTO_053;11;CONSIDERATO_2;"Considerato che, al fine di garantire il regolare svolgimento e la continuità dell’azione amministrativa, come definita negli strumenti di programmazione di cui questo Ente si è dotato, nel rispetto dei principi di efficacia, efficienza ed economicità, è necessario dare tempestiva attuazione alle disposizioni normative in materia di pianificazione e programmazione di cui all’art. 6 del D.L. 9 giugno 2021, n. 80, divenute efficaci, in data 27 giugno 2022, in conseguenza della pubblicazione in Gazzetta Ufficiale del Decreto del Presidente della Repubblica n. 81, recante “Regolamento recante l’individuazione e l’abrogazione degli adempimenti relativi ai Piani assorbiti dal Piano integrato di attività e organizzazione” e della pubblicazione del Decreto del Ministro per la Pubblica Amministrazione concernente la definizione del contenuto del Piano Integrato di Attività e Organizzazione (PIAO), coordinando i provvedimenti di pianificazione e programmazione precedentemente approvati, all’interno dello schema tipo di PIAO, definito con il citato decreto del Ministro per la Pubblica Amministrazione;";;
ATTO_053;12;ACQUISITI_PARERI_1;"ACQUISITI i pareri di cui all'articolo 49 del Decreto Legislativo 18 agosto 2000, n. 267: Il Sindaco espone l'argomento: VISTI: − il Regolamento (UE) 12 febbraio 2021, n. 2021/241, che istituisce il dispositivo per la ripresa e la resilienza; − il Piano Nazionale di Ripresa e Resilienza (PNRR) approvato con Decisione del Consiglio ECOFIN del 13 luglio 2021 e notificata all'Italia dal Segretariato generale del Consiglio con nota LT161/21, del 14 luglio 2021- − la Missione 2 - Componente 4 - Sub-Investimento 2.1b del PNRR che prevede ""Misure per la gestione del rischio di alluvione e per la riduzione del rischio idrogeologico""; − il Regolamento (UE) 2018/1046 del 18 luglio 2018, che stabilisce le regole finanziarie applicabili al bilancio generale dell'Unione, che modifica i Regolamenti (UE) n. 1296/2013, n. 1301/2013, n. 1303/2013, n. 1304/2013, n. 1309/2013, n. 1316/2013, n. 223/2014, n. 283/2014 e la decisione n. 541/2014/UE e abroga il regolamento (UE, Euratom) n. 966/2012; − l'articolo 17 del Regolamento UE 2020/852 che definisce gli obiettivi ambientali, tra cui il principio di non arrecare un danno significativo (DNSH, ""Do no significant harm""), e la Comunicazione della Commissione UE 2021/C 58/01 recante ""Orientamenti tecnici sull'applicazione del principio ""non arrecare un danno significativo» a norma del regolamento sul dispositivo per la ripresa e la resilienza""; − i principi trasversali previsti dal PNRR, quali, tra l'altro, il principio del contributo all'obiettivo climatico e digitale (c.d. tagging), il principio di parità di genere e l'obbligo di protezione e valorizzazione dei giovani; − gli obblighi di assicurare il conseguimento di target e milestone e degli obiettivi finanziari STABILITI nel PNRR;";;
ATTO_053;13;VISTO_2;"Visti:
- il Regolamento per il funzionamento degli Uffici e dei Servizi,
- lo Statuto comunale;";;
ATTO_053;14;VISTO_3;"Visto il D.L.vo 18 agosto 2000, n. 267;";;
ATTO_053;15;VISTO_4;"Visto il D.L.vo 30 marzo 2001, n. 165;";;
ATTO_053;16;RITENUTO_1;"Ritenuto di provvedere in merito;";;
ATTO_053;17;VISTO_5;"Visto che su tale atto è stato espresso e riportato il parere favorevole dal Responsabile dell’Area Amministrativa in ordine alla correttezza amministrativa e alla regolarità tecnica, ai sensi e per gli effetti di cui agli artt. 49 e 147 bis del D.L.vo 18 agosto 2000, modificati dal D.L. n. 174/2012, convertito con modificazioni in legge 7 dicembre 2012, n. 213;";;
ATTO_053;18;RISCONTRATO_1;"Riscontrato che non è dovuto il parere di regolarità contabile da parte del Responsabile del servizio ragioneria in quanto trattasi di atto che non comporta riflessi direttivi o indiretti sulla situazione economico- Finanziaria o sul patrimonio dell’Ente;";;
ATTO_053;19;DISPOSITIVO_DELIBERA;"DELIBERA 1. La narrativa è parte integrante e sostanziale del presente dispositivo; 2. Di approvare, ai sensi dell’art. 6 del D.L. 9 giugno 2021, n. 80, il Piano Integrato di Attività e Organizzazione 2022/2024, allegato alla presente deliberazione con la lettera A); 3. Di escludere dall’approvazione del Piano gli adempimenti di carattere finanziario non contenuti nell’elenco di cui all’art. 6, comma 2, lett. da a) a g), del D.L. n. 80/2021; 4. Di dare mandato al Responsabile del Settore Amministrativo di provvedere alle pubblicazioni nella sezione “Amministrazione Trasparente”; 5. Di provvedere alla trasmissione del Piano al Dipartimento della Funzione Pubblica; 6. Di demandare al Responsabile del servizio personale gli ulteriori adempimenti necessari; 7. Di trasmettere il presente atto al Nucleo di Valutazione e ai Responsabili dei Settori; 8. Di disporre la pubblicazione all’Albo Pretorio on-line e in “Amministrazione Trasparente”; 9. Di comunicare il presente atto ai Capigruppo Consiliari; 10. Di allegare il parere di cui all’art. 49 del D.L.vo 267/2000. Successivamente DELIBERA di dichiarare la presente deliberazione immediatamente esecutiva.";;
ATTO_054;1;RICHIAMATO_1;"RICHIAMATO l’art.48 del Decreto Legislativo 18 agosto 2000, n.267 (TUEL) e s.m.i.;";;
ATTO_054;2;ATTESTATO_1;"ATTESTATO che sulla presente sono stati preventivamente acquisiti i pareri favorevoli in ordine alla regolarità tecnica e contabile espressi dai responsabili competenti ai sensi dell’art.49 del TUEL;";;
ATTO_054;3;PRESO_ATTO_1;"PRESO ATTO che:
− l’art. 39 della L. n. 449/1997 ha stabilito che al fine di assicurare le esigenze di funzionalità e di ottimizzare le risorse per il migliore funzionamento dei servizi compatibilmente con le disponibilità finanziarie e di bilancio, gli organi di vertice delle amministrazioni pubbliche sono tenuti alla programmazione triennale del fabbisogno di personale, comprensivo delle unità di cui alla L. n. 482/1968;
− a norma dell’art. 91 TUEL gli organi di vertice delle amministrazioni locali sono tenuti alla programmazione triennale di fabbisogno di personale, comprensivo delle unità di cui alla L. n. 68/1999, finalizzata alla riduzione programmata delle spese di personale;
− a norma dell’art. 1, comma 102, della L. n. 311/2004, le amministrazioni pubbliche di cui all’articolo 1, comma 2, e all’art. 70, comma 4, del D.Lgs. 165/2001 e successive modificazioni, non ricomprese nell’elenco 1 allegato alla stessa legge, adeguano le proprie politiche di reclutamento di personale al principio del contenimento della spesa in coerenza con gli obiettivi fissati dai documenti di finanza pubblica;
− ai sensi dell’art. 19, comma 8, della L. n. 448/2001 (L. Finanziaria per l’anno 2002), a decorrere dall’anno 2002 gli organi di revisione contabile degli Enti Locali, accertano che i documenti di programmazione del fabbisogno del personale siano improntati al rispetto del principio di riduzione complessiva della spesa di cui all’art. 39 della L. n. 449/1997 e smi;
− secondo l’art. 3 comma 10 bis del D.L. n. 90/2014, convertito dalla L. n. 114/2014, il rispetto degli adempimenti e prescrizioni in materia di assunzioni e di spesa di personale, come disciplinati dall’art. 3 del D.L. n. 90/2014, nonché delle prescrizioni di cui al comma 4 dell’art. 11 del medesimo decreto, deve essere certificato dal Revisore dei Conti nella relazione di accompagnamento alla delibera di approvazione del Bilancio annuale dell’ente;";;
ATTO_054;4;RICHIAMATO_2;"RICHIAMATO, altresì, l’art. 6 del D.Lgs. 165/2001, come modificato dall’art. 4 del D. Lgs. n. 75/2017, che disciplina l’organizzazione degli uffici ed il piano triennale dei fabbisogni di personale, da adottare annualmente in coerenza con la pianificazione
Delibera G.C. n. 25 del 31.03.2022
3
pluriennale delle attività e della performance, nonché con le linee di indirizzo emanate ai sensi del successivo art. 6-ter, nel rispetto delle facoltà assunzionali previste a legislazione vigente e tenuto conto della consistenza della dotazione organica del personale in servizio, nonché della relativa spesa;";;
ATTO_054;5;VISTO_1;"VISTO l’art. 22, comma 1, del D. Lgs. n. 75/2017, il quale prevede che le linee di indirizzo per la pianificazione di personale di cui all'art. 6-ter del D.Lgs. n. 165/2001, come introdotte dall'art. 4, del D.Lgs. n. 75/2017, sono adottate entro novanta giorni dalla data di entrata in vigore del medesimo decreto e che, in sede di prima applicazione, il divieto di cui all'art. 6, comma 6, del D. Lgs. n. 165/2001 e s.m.i. si applica a decorrere dal 30/03/2018 e comunque solo decorso il termine di sessanta giorni dalla pubblicazione delle stesse;";;
ATTO_054;6;RICHIAMATO_3;"RICHIAMATO l’articolo 6, comma 1 del DL 9 giugno 2021, n. 80 convertito con modificazioni dalla Legge 6 agosto 2021, n. 113: “Per assicurare la qualità e la trasparenza dell'attività amministrativa e migliorare la qualità dei servizi ai cittadini e alle imprese e procedere alla costante e progressiva semplificazione e reingegnerizzazione dei processi anche in materia di diritto di accesso, le pubbliche amministrazioni, con esclusione delle scuole di ogni ordine e grado e delle istituzioni educative, di cui all'articolo 1, comma 2, del decreto legislativo 30 marzo 2001, n. 165, con più di cinquanta dipendenti, entro il 31 gennaio di ogni anno adottano il Piano integrato di attività e organizzazione, di seguito denominato Piano, nel rispetto delle vigenti discipline di settore e, in particolare, del decreto legislativo 27 ottobre 2009, n. 150 e della legge 6 novembre 2012, n. 190;";;
ATTO_054;7;DATO_ATTO_1;"DATO ATTO che l’articolo 1, comma 12, del D.L. “Milleproroghe 2022” così dispone:
Al decreto-legge 9 giugno 2021, n. 80, convertito, con modificazioni, dalla legge 6 agosto 2021, n. 113, sono apportate le seguenti modificazioni:
a) all'articolo 6, in materia di piano integrato di attività e organizzazione delle pubbliche amministrazioni per il rafforzamento della capacità amministrativa delle pubbliche amministrazioni funzionale all'attuazione del Piano nazionale di ripresa e resilienza (PNRR):
3) dopo il comma 6 è aggiunto il seguente: «6-bis. In sede di prima applicazione il Piano è adottato entro il 30 aprile 2022 e fino al predetto termine, non si applicano le sanzioni previste;";;
ATTO_054;8;CONSIDERATO_1;"CONSIDERATO che con Decreto 8/05/2018 il Ministro per la semplificazione e la pubblica amministrazione ha definito le predette “Linee di indirizzo per la predisposizione dei piani dei fabbisogni di personale da parte delle amministrazioni pubbliche”;";;
ATTO_054;9;RILEVATO_1;"RILEVATO che la dotazione organica dell’Ente, intesa come spesa potenziale massima imposta dal vincolo esterno di cui all’art. 1, commi 557 e seguenti, della L. 296/2006 e s.m.i., è pari a € 270.968,42;";;
ATTO_054;10;RILEVATO_2;"RILEVATO che l’art. 33 del D.Lgs. n. 165/2001, come sostituito dal comma 1 dell’art. 16 della L. n. 183/2011 (Legge di Stabilità 2012), ha introdotto dall’1/1/2012 l’obbligo di procedere annualmente alla verifica delle eccedenze di personale, condizione necessaria per poter effettuare nuove assunzioni o instaurare rapporti di lavoro con qualunque tipologia di contratto, pena la nullità degli atti posti in essere;";;
ATTO_054;11;RITENUTO_1;"RITENUTO necessario, pertanto, prima di definire la programmazione del fabbisogno di personale, procedere alla revisione della struttura organizzativa dell’Ente e, contestualmente, alla ricognizione del personale in esubero;";;
ATTO_054;12;CONSIDERATO_2;"CONSIDERATA la consistenza di personale presente nell’organizzazione dell’Ente, anche in relazione agli obiettivi di performance organizzativa, efficienza, economicità e qualità dei servizi ai cittadini, e rilevato che, in tale ambito non emergono situazioni di personale in esubero ai sensi dell’art. 33 del D.Lgs. 165/2001 e s.m.i.;";;
ATTO_054;13;CONSIDERATO_3;"CONSIDERATI inoltre i fabbisogni di personale necessari per l’assolvimento dei compiti istituzionali dell’Ente e tenuto conto degli attuali vincoli normativi in materia di assunzioni e di spesa del personale;";;
ATTO_054;14;PRESO_ATTO_2;PRESO ATTO della Dotazione Organica 2022-2024 alla data del 1.1.2022:;;
ATTO_054;15;RITENUTO_2;"RITENUTO di confermare la Dotazione Organica come sopra riportato, sulla base dei seguenti principi.
- pianificazione e programmazione delle risorse umane in funzione alle politiche ed agli obiettivi strategici perseguiti dall’Amministrazione;
- accrescimento dell’efficienza di aree, uffici e servizi;
- razionalizzazione del costo del lavoro;
- realizzazione del migliore utilizzo delle risorse umane;";;
ATTO_054;16;ASSUNTO_1;"ASSUNTO che:
- la condizione di soprannumero si rileva dal confronto tra Dotazione Organica, personale in servizio e parametri relativi alla spesa del personale ed al numero di dipendenti per enti virtuosi;
- la condizione di eccedenza si rileva dalla impossibilità dell’ente di rispettare i vincoli dettati dal legislatore per il tetto di spesa del personale, secondo le ultime previsioni del comma 5-bis dell’art. 3 del DL 90/2014 convertito con modificazioni nella legge 114/2014, oltre che ai sensi del comma 557 dell’art. 1 della legge 296/2006;";;
ATTO_054;17;ACCERTATO_1;"ACCERTATO che il Comune di Acquanegra Cremonese:
- alla data del 31 dicembre 2021 conta una popolazione di 1.123 abitanti;
- alla data odierna ha n. 5 dipendenti in servizio;
- ha un rapporto dipendenti/popolazione pari a 1/224, a fronte di un indice medio per i comuni da 1.000 a 2.000 abitanti che è pari a 1/128 secondo il decreto del Ministro dell’Interno del 10 aprile 2017;
- non versa né in condizioni di deficit strutturale né in stato di dissesto finanziario e che, pertanto, può legittimamente definirsi ""ente finanziariamente sano"";
- non deve dare copertura alla quota di riserva da destinare ai lavoratori disabili ai sensi della Legge 68/1999, in quanto obbligo già assolto;";;
ATTO_054;18;CONSIDERATO_4;"CONSIDERATO che:
- applicando il rapporto virtuoso 1/128 previsto dal citato D.M. del 10 aprile 2017 i dipendenti dovrebbero essere 9;
- pertanto, il personale in servizio è sottodimensionato di n. 4 unità;
Si precisa, in merito, che il Comune di Acquanegra ha approvato con Delibera di Giunta n. 88 in data 31/12/2021 una convenzione con il Comune di Crotta d’Adda per la disponibilità della Responsabile del Servizio Finanziario, per n, 6 ore settimanali, mediante scavalco condiviso, - periodo 01.01.2022 - 30.06.2022;";;
ATTO_054;19;DATO_ATTO_2;"DATO ATTO che:
- la Dotazione Organica, come sopra individuata, presenta n. 1 posto vacante;
- l’Ufficio Personale, i Responsabili di Area ed il Segretario Comunale non riscontrano situazioni di soprannumero o di eccedenza di personale ai sensi dell’art. 33 del D.Lgs. 165/2001 e s.m.i.;";;
ATTO_054;20;RICHIAMATO_3;"RICHIAMATO l’articolo 33, comma 2, del D.L. n. 33/2019, il quale al fine di superare il turn over, ha previsto una nuova disciplina per la determinazione della capacità assunzionale, basata sulla sostenibilità finanziaria della stessa ed introducendo quindi un parametro di incidenza della spesa di personale sulle entrate correnti medie dell’ultimo triennio, al netto dell’accantonamento al FCDE;";;
ATTO_054;21;RICHIAMATO_4;"RICHIAMATO il DM 17 marzo 2020, pubblicato sulla Gazzetta Ufficiale n. 108 in data 27/04/2020 ed entrato in vigore il 20 aprile 2020 (art.1, comma 2), il quale ha recepito i criteri contenuti nell’art.33 del d.l. 33/2019 ed approvato le nuove regole per la determinazione della capacità assunzionale dei comuni;";;
ATTO_054;22;CONSIDERATO_5;"CONSIDERATO che ai fini del suddetto rapporto, il DM 17 Marzo 2020 prevede espressamente che:
a. spesa del personale: impegni di competenza per spesa complessiva per tutto il personale dipendente a tempo indeterminato e determinato, per i rapporti di
collaborazione coordinata e continuativa, per la somministrazione di lavoro, per il personale di cui all'art. 110 del decreto legislativo 18 agosto 2000, n. 267, nonché per tutti i soggetti a vario titolo utilizzati, senza estinzione del rapporto di pubblico impiego, in strutture e organismi variamente denominati partecipati o comunque facenti capo all'ente, al lordo degli oneri riflessi ed al netto dell'IRAP, come rilevati nell'ultimo rendiconto della gestione approvato;
b. entrate correnti: media degli accertamenti di competenza riferiti alle entrate correnti relative agli ultimi tre rendiconti approvati, considerate al netto del fondo crediti di dubbia esigibilità stanziato nel bilancio di previsione relativo all'ultima annualità considerata.";;
ATTO_054;23;VISTO_2;"VISTA la Circolare della Funzione pubblica del 4 giugno 2020, esplicativa delle nuove modalità di determinazione della capacità assunzionale;";;
ATTO_054;24;CONSIDERATO_5;"CONSIDERATO che:
- in base a quanto previsto dal citato DPCM e dalla relativa circolare, la capacità assunzionale viene determinata sulla base di un valore soglia, differenziato in relazione alla fascia demografica di appartenenza del Comune (che per Acquanegra Cremonese corrisponde al 28,60%), calcolato come incidenza delle spese di personale sulle entrate correnti medie dell’ultimo triennio rendicontato, al netto del FCDE stanziato in via definitiva nel bilancio di previsione dell’ultimo anno considerato;
- il calcolo della spesa di personale e delle entrate correnti medie deve essere effettuato sulla base delle indicazioni contenute al punto 1.2 della Circolare;
- per gli enti che hanno optato per l’applicazione della tariffa corrispettiva puntuale, la entrata da TARI va contabilizzata tra le entrate correnti, al netto del relativo FCDE, ai fini della determinazione del valore soglia;";;
ATTO_054;25;RICHIAMATO_5;"RICHIAMATE:
- la deliberazione del Consiglio Comunale n. 11 del 18/03/2019 con la quale è stato approvato il rendiconto dell’esercizio 2018;
- la deliberazione del Consiglio Comunale n. 9 25/06/2020, con la quale è stato approvato il rendiconto dell’esercizio 2019;
- la deliberazione del Consiglio Comunale n. 19 del 15/06/2021, con la quale è stato approvato il rendiconto dell’esercizio 2020;";;
ATTO_054;26;TENUTO_CONTO_1;TENUTO CONTO che il Comune di Acquanegra Cremonese, sulla base dei calcoli sopra indicati, registra un valore di incidenza delle spese di personale sulle entrate correnti nette pari al 18,78% considerando il triennio 2018-2020) di seguito riportati:;;
ATTO_054;27;PRESO_ATTO_3;PRESO ATTO quindi che questo ente può incrementare la spesa di personale per nuove assunzioni a tempo indeterminato fino alla soglia massima prevista dalla tabella 1 del DM 17 marzo 2020 per la propria fascia demografica (fascia b da 1.000 a 1.999 abitanti) pari al 28,60% ma solo entro il valore calmierato di cui alla tabella 2 del DM, come previsto dall’art.5 del DM stesso per la propria fascia demografica fermo restando il rispetto dell’equilibrio di bilancio asseverato dall’organo di revisione come di seguito specificato:;;
ATTO_054;28;RICORDANDO_1;"RICORDANDO che i comuni che presentano una spesa di personale inferiore al valore soglia:
a) ai sensi dell’art. 5, comma 2, del DPCM 17/03/2020, possono utilizzare i resti della capacità assunzionale residua maturata nei cinque anni precedenti il 2020, in deroga ai citati incrementi percentuali;
b) ai sensi dell’art. 7, comma 1, del DPCM 17/03/2020, le assunzioni di personale a tempo indeterminato disposte in forza di decreto sono escluse dai limiti di spesa complessivi di personale determinati ai sensi dl comma 557-quater della legge 296/2006;";;
ATTO_054;29;TENUTO_CONTO_2;"TENUTO CONTO che il margine di incremento della spesa di personale calcolata per il 2020 è pari ad € 42.660,16 pari al 20% della spesa di personale anno 2018 di € 213.300,80;";;
ATTO_054;30;CONSIDERATO_6;CONSIDERATO che le assunzioni programmate nel 2020 sono state pari ad € 27.395,04 (su base annua) come di seguito riportate:;;
ATTO_054;31;PRECISATO_1;"PRECISATO che per quanto sopra riportato, il margine di incremento della spesa di personale è stato utilizzato parzialmente per € 27.395,04 per le assunzioni programmate nell’anno 2020;";;
ATTO_054;32;CONSIDERATO_7;CONSIDERATO che il succitato Cantoniere-Autista ha presentato le dimissioni ed è stato collocato a riposo con Determina n. 137 del 13/09/2021, con decorrenza 01/01/2022, per cui è stata sostenuta interamente a tale titolo la spesa per l'anno 2021.;;
ATTO_054;33;DATO_ATTO_3;"DATO ATTO che previo espletamento di tutti gli adempimenti in materia previsti dalla legge, l'amministrazione Comunale ha già proceduto in data 01/01/2022 all'assunzione attraverso lo scorrimento di propria graduatoria la copertura del posto vacante in sostituzione del Cantoniere-Autista Scuolabus Cat. B.3;";;
ATTO_054;34;TENUTO_CONTO_3;"TENUTO CONTO che, per l’anno 2021, dal valore calmierato di € 61.857,23, pari al 29% della spesa di personale anno 2018 di € 213.300,80, deve essere decurtato il margine di incremento della spesa di personale utilizzata per le assunzioni programmate nell’anno 2020 pari ad € 27.395,04;";;
ATTO_054;35;RITENUTO_3;"RITENUTO, per quanto sopra esposto, di determinare la capacità assunzionale per l’anno 2021 in € 34.462,19, non utilizzata;";;
ATTO_054;36;PRESO_ATTO_4;"PRESO ATTO che in data 12 aprile 2020, causa decesso per COVID, è cessato il dipendente Chiappani Tiziano, Responsabile dell’Area Amministrativa, Finanziaria e Sociale, cat. D tempo piene ed indeterminato;";;
ATTO_054;37;TENUTO_CONTO_4;"TENUTO CONTO che:
- il margine di incremento della spesa di personale calcolata per il 2022 è pari ad € 70.389,26, pari al 33% della spesa di personale anno 2018, € 213.300,80;
- dal valore calmierato di € 70.389,26, pari al 33% della spesa di personale anno 2018 di € 213.300,80, deve essere decurtato il margine di incremento della spesa di personale utilizzata per le assunzioni programmate nell’anno 2020 pari ad € 27.395,04 e nell’anno 2021 pari ad € zero;";;
ATTO_054;38;RITENUTO_4;"RITENUTO di determinare la capacità assunzionale residua per l’anno 2022 in € 42.994,22;";;
ATTO_054;39;RITENUTO_5;"RITENUTO, conseguentemente, di proporre il piano assunzionale per il triennio 2022-2024, al fine di programmare l’assunzione, per l’annualità 2022, di n. 1 Istruttore Direttivo D.1 a tempo pieno ed indeterminato da inserire in servizio presso l’Area Finanziaria con una spesa annua di € 33.542,91 da rideterminare in ragione delle frazioni di anno;";;
ATTO_054;40;CONSIDERATO_8;"CONSIDERATO altresì che:
- ai fini dell’attuazione del programma assunzionale, le modalità di reclutamento potranno essere tutte quelle ammesse: trasferimento di personale da altri enti, per mobilità volontaria ex art. 30 e obbligatoria ex art. 30 e 34-bis D. Lgs. 165/2001 e ss. mm. e ii., compreso l’utilizzo di graduatorie formate da altri enti, oltre al concorso pubblico;
- si darà attuazione al programma di reclutamento oggetto del presente atto nel rispetto delle riserve a favore di volontari delle FF.AA., ai sensi dell’art. dell’art. 1014, comma 3 e 4, e dell’art. 678, comma 9, D. Lgs. 66/2010 e ss. mm. e ii., tenuto conto del cumulo di frazioni di riserva registrati in occasione di precedenti assunzioni;
- in relazione a eventuali cessazioni di personale che dovessero intervenire in corso di esercizio (per mobilità / pensionamenti / dimissioni) si potrà dar corso alle relative sostituzioni esclusivamente nel rispetto dei limiti - valore soglia massimo del 27% e incremento graduale massimo annuo rispetto alla spesa del 2018 - previsti dal D.M. 17 marzo 2020 (rif. art. 4, tabella 1 - art. 5, tabella 2), ai sensi dell´art. 33, co. 2, del pluricitato D.L. 34/2019 e ss. mm. e ii., come confermato dalla Sezione Regionale di controllo per la Lombardia della Corte dei Conti con la deliberazione n. 85/2021: “(…) La sostituzione del personale cessato dal servizio in corso d’anno costituisce assunzione di personale, possibile entro i limiti di capacità del comune segnati dall´applicazione delle regole sopra viste”, e ribadito nella deliberazione della medesima sezione 167/2021;";;
ATTO_054;41;DATO_ATTO_4;"DATO ATTO che la spesa complessiva derivante dalla programmazione per l’anno 2022 di cui sopra pari ad € 33.542,91 rientra nei limiti delle facoltà assunzionali per l’anno 2022 di € 42.994,22;";;
ATTO_054;42;PRECISATO_2;"PRECISATO che, nel rispetto dei vigenti vincoli in materia di assunzioni a tempo indeterminato e di lavoro flessibile, nonché delle norme in materia di finanza pubblica e di spesa di personale, sono comunque consentite le eventuali sostituzioni di personale cessato ed eventuali incrementi del monte ore settimanali di figure con rapporto di lavoro a tempo parziale;";;
ATTO_054;43;RITENUTO_6;"RITENUTO altresì di prevedere anche eventuali assunzioni per esigenze straordinarie e temporanee degli uffici, queste ultime nel rispetto della normativa vigente in tema di lavoro flessibile (in primis, dell’art. 9, comma 28, D.L. n. 78/2010, nonché dell’art. 36 del D. Lgs. N. 165/2001 e s.m.i.) e di contenimento della spesa del personale;";;
ATTO_054;44;CONSIDERATO_9;"CONSIDERATO che la spesa riservata ad assunzioni con contratto di lavoro flessibile (articolo 9, comma 28 DL 78/2010) deve rispettare il vincolo della spesa sostenuta nell’anno 2009, pari ad € 19.500,00;";;
ATTO_054;45;DATO_ATTO_5;"DATO ATTO che nel limite sopra richiamato non rientrano le spese di personale relative ad incarichi ex art. 110, comma 1 del D.Lgs. n. 267/2000;";;
ATTO_054;46;VERIFICATO_1;"VERIFICATO inoltre il rispetto dei vigenti presupposti normativi necessari per poter procedere ad assunzioni a qualsiasi titolo e con qualsivoglia tipologia contrattuale;";;
ATTO_054;47;CONSIDERATO_10;"CONSIDERATO altresì che questo Ente non ha mai dichiarato il dissesto finanziario e che dall’ultimo Conto Consuntivo approvato non emergono condizioni di squilibrio finanziario come risulta dall’apposita tabella allegata al medesimo;";;
ATTO_054;48;DATO_ATTO_6;"DATO ATTO che la dotazione organica dell’Ente rispetta le norme sul collocamento obbligatorio dei disabili di cui alla L. 12/03/1999, n. 68;";;
ATTO_054;49;RIBADITO_1;"RIBADITO il concetto che la dotazione organica ed il suo sviluppo triennale deve essere previsto nella sua concezione di massima dinamicità e pertanto modificabile ogni qual volta lo richiedano norme di legge, nuove metodologie organizzative, nuove esigenze della popolazione, ecc., sempre nel rispetto dei vincoli imposti dalla legislazione vigente in materia di assunzioni e spesa di personale;";;
ATTO_054;50;RICHIAMATO_6;"RICHIAMATO il vigente Regolamento Comunale sull’Ordinamento degli Uffici e dei Servizi, approvato con propria deliberazione n. 27 del 09/03/2019;";;
ATTO_054;51;RICHIAMATO_7;"RICHIAMATO il CCNL relativo al Personale del Comparto Funzioni Locali Triennio 2016-2018, sottoscritto in data 21/05/2018;";;
ATTO_054;52;DATO_ATTO_7;"DATO ATTO che le procedure assunzionali saranno poste in atto previa verifica dei presupposti necessari per poter procedere alle assunzioni, in particolare:
- deliberazione della Giunta comunale in ordine al il Piano triennale di azioni positive in tema di pari opportunità 2022/2024 (art. 48, comma 1, D.Lgs. n. 198/2006);
- approvazione del bilancio di previsione finanziario 2022/2024;
- trasmissione del bilancio di previsione 2022 – 2024 ed allegati alla Banca Dati delle Pubbliche Amministrazioni (BDAP);";;
ATTO_054;53;ATTESTATO_2;"ATTESTATO che:
- sulla presente proposta di deliberazione è stato preventivamente chiesto il parere dell’organo di revisione finanziaria, ai sensi dell’art. 19, comma 8, della legge 448/2001;
- che l’organo di revisione finanziaria, con nota trasmessa via pec in data 13 marzo 2022, ns. prot. n. 782/5-2-2 ha comunicato di non potersi esprimere in mancanza dello schema di bilancio di previsione e di demandare l’espressione del proprio parere di competenza all’approvazione della nota di aggiornamento al Documento Unico di Programmazione;";;
ATTO_054;54;DISPOSITIVO_DELIBERA;"DELIBERA 1) Le premesse costituiscono parte integrante e sostanziale della presente deliberazione; 2) Di approvare il Piano Triennale dei Fabbisogni di Personale 2022/2024 e il Piano occupazionale 2022 riportato nel dispositivo; 3) Di dare atto che la spesa complessiva derivante dalla programmazione rientra nei limiti delle facoltà assunzionali per l’anno 2022, pari a € 70.389,26; 4) Di dare atto che le assunzioni di personale a tempo indeterminato disposte in forza del decreto sono escluse dai limiti di spesa complessivi di personale; 5) Di pubblicare il Piano in “Amministrazione Trasparente”; 6) Di trasmettere il Piano alla Ragioneria Generale dello Stato tramite l’applicativo SICO; 7) Di dare atto che il Comune risulta in regola con la percentuale di riservatari di cui alla L. 68/99; 8) Di dare atto che la deliberazione costituirà elemento integrativo dell’intera manovra di bilancio; 9) Di dare atto del valore programmatorio della deliberazione e demandare ai responsabili di area i provvedimenti attuativi; 10) Di comunicare la deliberazione alle Organizzazioni Sindacali e ai capigruppo consiliari. La Giunta Comunale DELIBERA di dichiarare la presente immediatamente eseguibile ai sensi dell’art. 134, comma 4, del TUEL.";;
ATTO_055;1;PREMESSO_1;"PREMESSO CHE con deliberazione C.C. N. 37 del 22.12.2025, esecutiva ai sensi di legge, è stato approvato il bilancio di previsione 2026/2028;";;
ATTO_055;2;RICORDATO_1;"RICORDATO CHE:
- Che con atto consiliare N. 27 del 30.07.2024, esecutivo ai sensi di legge, è stato deliberato di aderire all’Associazione Nazionale Città del Vino, con sede in Siena – Via Massetana Romana 58/B con le finalità di promozione e valorizzazione del vino e del suo territorio, dell'enogastronomia in generale e dei servizi relativi, in quanto strategici per le politiche economiche per la qualità della vita dei cittadini e dei turisti;
- Che con lo stesso atto sono stati approvati lo Statuto, la Carta della Qualità ed il Regolamento dell’Associazione suddetta;
- Che con l’adesione è implicito il nostro impegno a promuovere e realizzare le finalità di cui al dettato dell’art. 3 dello Statuto dell’Associazione Nazionale Città del Vino, in quanto rete di territori a forte vocazione vitivinicola, per conoscenze e competenze, decisiva per affrontare in modo nuovo le grandi sfide odierne, globalizzazione e competitività;
- Che tale adesione prevede una quota associativa annuale per usufruire dei servizi promozionali ed informativi dell’Associazione;";;
ATTO_055;3;VISTO_1;"VISTA la nota del 26/11/2025 dell’Associazione Nazionale Città del Vino, assunta con protocollo comunale al n. 5907 del 12/12/2025, con la quale si comunica che, a seguito dello svolgimento dell’Assemblea ordinaria dei Soci, sono state previste le quote associative relative all’anno 2026 che, per il Comune di Agrate Conturbia è pari ad € 785,00;";;
ATTO_055;4;CONSIDERATO_1;"CONSIDERATO, INOLTRE:
- Che è intenzione dell’Amministrazione organizzare un “Aperitivo in vigna” presso la Cascina Gallone, nel mese di Agosto, visto il successo dell’edizione precedente, che si è svolto nello stesso luogo il 6 settembre 2025 per ufficializzarne l’adesione con la cerimonia di consegna della Bandiera Città del Vino;";;
ATTO_055;5;DATO_ATTO_1;"DATO ATTO:
-
che il proprietario della Cascina Gallone ha dato la propria disponibilità per il 29 agosto 2026;";;
ATTO_055;6;ATTESO_1;"ATTESO:
-
Che saranno presenti diverse cantine del territorio, stand gastronomici e musica dal vivo;";;
ATTO_055;7;RILEVATO_1;"RILEVATO:
- Che la suddetta iniziativa rientrerà nei programmi dell’Associazione Città del Vino, negli eventi “Le notti del Vino” e che, la stessa chiede, quindi, una quota di partecipazione di € 200,00, per la pubblicizzazione dell’evento tra i propri aderenti, con tutti anali di informazione che riterrà più opportuni;";;
ATTO_055;8;VISTO_2;"VISTE le disponibilità del Bilancio 2026/2028;";;
ATTO_055;9;ACQUISITI_PARERI_1;"ACQUISITI i pareri favorevoli di regolarità tecnica del Responsabile del servizio amministrativo e contabile del Responsabile del servizio finanziario;";;
ATTO_055;10;DISPOSITIVO_DELIBERA;"DELIBERA 1. Di dare atto che le premesse costituiscono parte integrante e sostanziale del presente atto; 2. Di organizzare l’evento “Aperitivo in Vigna”, presso la Cascina Gallone, nella giornata del 29 agosto 2026, con la presenza dei viticultori della zona, stand di prodotti tipici locali e musica dal vivo, nell’ambito del calendario “Le notti del Vino”; 3. Di demandare al Responsabile del servizio amministrativo la predisposizione degli atti di propria competenza e il pagamento delle quote di € 785,00 ed € 200,00 all’Associazione Nazionale Città del Vino; 4. Di dichiarare la presente deliberazione immediatamente eseguibile, con separata ed unanime votazione, ai sensi dell’art. 134, comma 4, del D.Lgs. 267/2000.";;
ATTO_056;1;VISTO_1;"VISTO il D.Lgs. 31 marzo n.36/2023 ed in particolare l’articolo 37 il quale:
-al comma 1 prevede, che le amministrazioni aggiudicatrici adottino il programma triennale dei lavori pubblici ed il programma triennale degli acquisti di beni e servizi;
-al comma 2 prevede testualmente “2. Il programma triennale dei lavori pubblici e i relativi aggiornamenti annuali contengono i lavori, compresi quelli complessi e da realizzare tramite concessione o partenariato pubblico-privato, il cui importo si stima pari o superiore alla soglia di cui all’articolo 50, comma 1, lettera a). I lavori di importo pari o superiore alla soglia di rilevanza europea di cui all’articolo 14, comma 1, lettera a), sono inseriti nell’elenco triennale dopo l’approvazione del documento di fattibilità delle alternative progettuali e nell’elenco annuale dopo l’approvazione del documento di indirizzo della progettazione. I lavori di manutenzione ordinaria superiori alla soglia indicata nel secondo periodo sono inseriti nell’elenco triennale anche in assenza del documento di fattibilità delle alternative progettuali. I lavori, servizi e forniture da realizzare in amministrazione diretta non sono inseriti nella programmazione.”;";;
ATTO_056;2;RICHIAMATO_1;"RICHIAMATI:
-l’art. 3 dell’allegato I.5 del D.Lgs. n. 36/2023 “Le stazioni appaltanti e gli enti concedenti, secondo i propri ordinamenti e fatte salve le competenze legislative e regolamentari delle regioni e delle province autonome in materia, adottano il programma triennale dei lavori pubblici, anche consistenti in lotti funzionali di un lavoro, nonché i relativi elenchi annuali sulla base degli schemi-tipo annessi al presente allegato e parte integrante dello stesso, nel rispetto di quanto previsto dall'articolo 37 del codice, e in coerenza con i documenti pluriennali di pianificazione o di programmazione di cui al decreto legislativo 29 dicembre 2011, n. 228 e ai principi contabili di cui al decreto legislativo 23 giugno 2011, n. 118”;
-l’art. 5 comma 5 dell’allegato I.5 del D.Lgs. n. 36/2023 il quale prevede che “Successivamente alla adozione, il programma triennale e l'elenco annuale sono pubblicati sul sito istituzionale del committente e ne è data comunicazione alla Banca dati nazionale dei contratti pubblici. Le stazioni appaltanti e gli enti concedenti possono consentire la presentazione di eventuali osservazioni entro trenta giorni dalla pubblicazione di cui al primo periodo. L'approvazione definitiva del programma triennale, unitamente all'elenco annuale dei lavori, con gli eventuali aggiornamenti, avviene entro i successivi trenta giorni dalla scadenza delle consultazioni, ovvero, comunque, in assenza delle consultazioni, entro sessanta giorni dalla pubblicazione di cui al primo periodo, nel rispetto di quanto previsto dal comma 4, e con pubblicazione in formato open data presso i siti informatici della stazione appaltante e dell’ente concedente. Le stazioni appaltanti o gli enti concedenti possono adottare ulteriori forme di pubblicità purché queste siano predisposte in modo da assicurare il rispetto dei termini di cui al presente comma”;
-l’art. 5, comma 6, dell’allegato I.5 del D.Lgs. n. 36/2023, il quale prevede che “Entro novanta giorni dalla data di entrata in vigore della legge di bilancio, le stazioni appaltanti e gli enti concedenti che siano amministrazioni dello Stato procedono all'aggiornamento del programma triennale dei lavori pubblici e del relativo elenco annuale. Le altre stazioni appaltanti e gli altri enti concedenti approvano i medesimi documenti entro novanta giorni dalla data di decorrenza degli effetti del proprio bilancio o documento equivalente, secondo l'ordinamento proprio di ciascuna amministrazione. Resta fermo quanto previsto dall'articolo 172 del testo unico delle leggi sull'ordinamento degli enti locali di cui al decreto legislativo 18 agosto 2000, n. 267”;";;
ATTO_056;3;VISTO_2;"VISTO lo schema di programma triennale dei lavori pubblici 2025/2027 e l’elenco annuale dei lavori dell’anno 2025, redatti a cura del Responsabile dell’Area Tecnica, geom. Pietragalla Anna Maria, in qualità di responsabile della programmazione, sulla base del precedente programma triennale secondo il sistema a “scorrimento” previsto dalla legge, nonché delle proposte ed informazioni formulate dai responsabili del procedimento e delle determinazioni assunte dalla Giunta Comunale, di cui all’allegato I, così composto:
Scheda A: Quadro delle risorse necessarie alla realizzazione del programma;
Scheda B: Elenco delle opere incompiute;
Scheda C: Elenco degli immobili disponibili;
Scheda D: Elenco degli interventi del programma;
Scheda E: Interventi ricompresi nell’elenco annuale;
Scheda F: Elenco degli interventi presenti nell’elenco annuale del precedente programma triennale e non riproposti e non avviati;";;
ATTO_056;4;VISTO_3;"VISTO il cronoprogramma di spesa per l’attuazione del programma triennale dei lavori pubblici, che si allega alla presente deliberazione per farne parte integrante e sostanziale;";;
ATTO_056;5;VISTO_4;"VISTO il D.Lgs. 31 marzo n. 36/2023 ed in particolare l’articolo 37, il quale al comma 4, prevede che “Il programma triennale e i relativi aggiornamenti annuali sono pubblicati sul sito istituzionale e nella Banca dati nazionale dei contratti pubblici”;";;
ATTO_056;6;RICHIAMATO_2;"RICHIAMATO:
-l’art. 3, comma 1, dell’allegato I.5 del D.Lgs. n. 36/2023, il quale prevede che “Le stazioni appaltanti e gli enti concedenti, secondo i propri ordinamenti e fatte salve le competenze legislative e regolamentari delle regioni e delle province autonome in materia, adottano il programma triennale dei lavori pubblici, anche consistenti in lotti funzionali di un lavoro, nonché i relativi elenchi annuali sulla base degli schemi-tipo annessi al presente allegato e parte integrante dello stesso, nel rispetto di quanto previsto dall'articolo 37 del codice, e in coerenza con i documenti pluriennali di pianificazione o di programmazione di cui al decreto legislativo 29 dicembre 2011, n. 228 e ai principi contabili di cui al decreto legislativo 23 giugno 2011, n. 118.”;
-l’art. 3, comma 13, dell’allegato I.5 del D.Lgs. n. 36/2023, il quale prevede che “Le stazioni appaltanti e gli enti concedenti individuano, nell'ambito della propria organizzazione, la struttura e il soggetto referente per la redazione del programma triennale dei lavori pubblici. Al fine di ridurre gli oneri amministrativi, tale referente è, di norma, individuato nel referente unico dell'amministrazione per la BDAP, salvo diversa scelta dell'amministrazione”;
-l’art. 1, comma 512 della legge di stabilità 2016 (l. 208/2015) secondo cui “al fine di garantire l'ottimizzazione e la razionalizzazione degli acquisti di beni e servizi informatici e di connettività, fermi restando gli obblighi di acquisizione centralizzata previsti per i beni e servizi dalla normativa vigente, le amministrazioni pubbliche e le società inserite nel conto economico consolidato della pubblica amministrazione, come individuate dall'Istituto nazionale di statistica (ISTAT) ai sensi dell'articolo 1 della legge 31 dicembre 2009, n. 196, provvedono ai propri approvvigionamenti esclusivamente come disposto dalla Delibera n.582 del 13 dicembre 2023 dell’ANAC, attraverso piattaforme di approvvigionamento digitali che abbiano compiuto il processo di certificazione delineato dalle regole tecniche di AGID e dallo schema operativo”;";;
ATTO_056;7;RICHIAMATO_3;"RICHIAMATI:
-il D.Lgs. n.118/2011, con il quale è stata approvata la riforma dell’ordinamento contabile delle regioni e degli enti locali nota come “armonizzazione”, ed in particolare l’articolo 1, comma 1, il quale prevede l’entrata in vigore del nuovo ordinamento a decorrere dal 1° gennaio 2015;
-il principio contabile applicato della contabilità finanziaria (all. 4/2 al D.lgs. n. 118 del 23 giugno 2011), il quale prevede che tutte le obbligazioni giuridicamente perfezionate attive e passive, che danno luogo a entrate e spese per l’ente, devono essere imputate a bilancio quando l’obbligazione viene a scadenza, secondo un cronoprogramma contenente i tempi di attuazione;";;
ATTO_056;8;VISTO_5;"VISTA la Deliberazione di G.C. n. 85 del 17/09/2024 con la quale veniva approvato lo schema del programma triennale delle opere pubbliche relativo agli anni 2025/2027 e del relativo elenco annuale 2025;";;
ATTO_056;9;CONSIDERATO_1;"CONSIDERATO che il programma triennale dei lavori pubblici ed i relativi aggiornamenti sono comunicati alle strutture ed agli uffici preposti al controllo di gestione;";;
ATTO_056;10;LETTO_ED_ESAMINATO_1;"LETTA ED ESAMINATA la proposta di Deliberazione a firma del Responsabile dell’Area Tecnica, che quandanche non materialmente allegata alla presente deliberazione, bensì depositata agli atti d’ufficio ne costituisce parte integrante e sostanziale della stessa;";;
ATTO_056;11;ACQUISITI_PARERI_1;"ACQUISITI, sulla predetta proposta, i pareri favorevoli in ordine alla regolarità tecnica e contabile espressi rispettivamente dal Responsabile dell’Area Tecnica e dal Responsabile dell’Area Finanziaria, ai sensi e per gli effetti di cui all’art. 49, comma 1, del D.Lgs. n. 267/2000;";;
ATTO_056;12;VISTO_6;"VISTI:
il D.Lgs. n. 267/2000
il D.Lgs n. 118/2011
il D.Lgs n. 36/2023";;
ATTO_056;13;DISPOSITIVO_DELIBERA;"DELIBERA DI RICONFERMARE le premesse riportate in narrativa e qui integralmente richiamate e trascritte; DI ADOTTARE, ai sensi dell’articolo 37 del D.Lgs. n. 36/2023, la variazione dello schema del programma triennale delle opere pubbliche 2025/2027 e del relativo elenco annuale 2025; DI DARE ATTO che il programma sarà approvato dal Consiglio Comunale, potrà essere modificato in sede di approvazione definitiva ed è corredato da un cronoprogramma di spesa; DI DARE ATTO che il Programma è approvato nel rispetto dei documenti programmatori e verrà inserito nel DUP 2025-2027; DI DEMANDARE l’attuazione ai Responsabili dell’Area Tecnica e dell’Area Finanziaria. La Giunta Comunale DELIBERA DI DICHIARARE la presente deliberazione immediatamente esecutiva ai sensi dell’art. 134, comma 4, del D.Lgs. n. 267/2000.";;
ATTO_057;1;RICHIAMATO_1;"RICHIAMATI: - la L.R. n. 24 del 05/12/2011 avente ad oggetto “Norme in materia di politiche giovanili”; - con DGR n. 256 del 16/3/2026 con la quale la Giunta regionale ha approvato il progetto “Ci sto? Affare fatica! Facciamo il bene comune” che prevede l’attivazione e l’utilizzo di risorse destinate al finanziamento per l’annualità 2026.
- ai sensi degli artt. 61 e 63 del D. Lgs n. 117/2017 “Codice del terzo settore” i CSV possono svolgere
attività varie riconducibili a servizi di promozione, orientamento e animazione territoriale, finalizzati, tra l’altro, a promuovere la crescita della cultura della cittadinanza attiva in particolare tra i giovani e nelle scuole;";;
ATTO_057;2;PREMESSO_1;"PREMESSO CHE:
- tale iniziativa ha l’obiettivo di educare le giovani generazioni a un processo virtuoso di custodia del proprio territorio e contesto urbano, fornendo l’occasione di sentirsene responsabili, mediante il coinvolgimento della comunità adulta; - il progetto prevede la collaborazione tra giovani di età compresa tra i 14 ed i 35 anni ed Enti Locali, Enti del Terzo Settore e CSV Marche ETS (Centro Servizi per il Volontariato delle Marche ETS), in uno scenario di azioni che potrebbero andare dallo street art alle iniziative culturali, dalla cura dell’ambiente urbano e al recupero di beni pubblici in degrado; - si prevede la costituzione di gruppi composti da una decina di giovani dai 14 ai 20 anni che faranno attività per pacchetti settimanali, dal lunedì al venerdì, dalle 8.30 alle 12.30, nei luoghi individuati dal Comune di Acqualagna e oggetto di valutazione da parte del CSV Marche ETS; - i partecipanti svolgeranno le attività sotto la supervisione di tutor (giovani dai 21 ai 35 anni con competenze di animazione riconosciute) e handymen (“maestri d’arte” portatori di competenze tecniche specifiche);
- per i partecipanti è prevista la consegna di “buoni fatica” settimanali erogati dal CSV Marche ETS sotto forma di buoni acquisto spendibili presso negozi territoriali convenzionati del valore di € 75,00 per i giovani del gruppo e di € 150,00 € per i tutor;";;
ATTO_057;3;RITENUTO_1;"RITENUTO che “Ci sto? Affare fatica! – Facciamo il bene comune” rappresenti un contenitore prezioso ed efficace di coinvolgimento attivo delle comunità locali nella cura dei beni comuni e nella formazione delle giovani generazioni;";;
ATTO_057;4;VALUTATO_1;"VALUTATA positivamente la ricaduta in termini culturali e partecipativi che tale iniziativa apporterà a livello comunitario grazie al coinvolgimento di giovani e tessuto associativo;";;
ATTO_057;5;PRESO_ATTO_1;"PRESO ATTO CHE:
- il CSV Marche ETS, con sede legale in Via della Montagnola n. 69/a - 60127 Ancona, partita IVA n. 02596800421 codice fiscale 93067520424, coordina e gestisce l’iniziativa “Ci sto? Affare fatica! Facciamo il Bene comune” con lo scopo di stimolare i giovani a valorizzare al meglio il tempo estivo, attraverso attività concrete di volontariato, cittadinanza attiva e cura dei beni comuni, attraverso l’affiancamento della comunità adulta locale, anche attraverso il coinvolgimento delle realtà del Terzo Settore in particolare, là dove presenti, di organizzazioni giovanili;
- il CSV Marche ETS, in accordo con la Regione Marche – Settore Istruzione Innovazione Sociale e Sport il giorno 16 aprile 2026 ha avviato la prima fase dell’edizione 2026 del progetto invitando i comuni marchigiani a presentare la propria candidatura;";;
ATTO_057;6;CONSIDERATO_1;"CONSIDERATO CHE:
- il Comune di Acqualagna ha inviato la propria candidatura in data 19/04/2026 ed è risultato ammesso in via preliminare;
- il CSV Marche ETS ha effettuato con esito positivo i sopralluoghi presso gli spazi individuati dalla presente amministrazione comunale per lo svolgimento delle attività;
- il Comune di Acqualagna si è impegnato a contribuire alla messa a disposizione e all’acquisto di beni di consumo necessari allo svolgimento delle attività dallo stesso individuate;";;
ATTO_057;7;PRECISATO_1;"PRECISATO a tal riguardo che il CSV Marche ETS richiede la collaborazione del Comune di Acqualagna nei seguenti aspetti:
- individuazione dei beni comuni o i contesti urbani oggetto di recupero e di intervento;
- supportare a livello locale la campagna di promozione e comunicazione a cura dell’Ufficio Stampa del CSV Marche ETS;
- acquisto/messa a disposizione di materiali di consumo utili per lo svolgimento delle attività di progetto;
- individuare un luogo di rimessa per materiali e attrezzature nelle settimane di svolgimento delle attività;
- supportare il CSV Marche ETS nell’individuazione della figura dell’handyman;";;
ATTO_057;8;CONSIDERATO_2;"CONSIDERATO CHE CSV Marche ETS garantirà:
- copertura assicurativa per tutti i giovani partecipanti (14-35 anni);
- supervisione settimanale del gruppo da parte di tutor con ruolo di animazione educativa e handyman con ruolo di supervisione tecnica/artigianale;
- acquisto e consegna ad ogni partecipante di un kit da lavoro (maglia e guanti);
- acquisto e consegna ai partecipanti (tutor e giovani) dei buoni fatica;";;
ATTO_057;9;DISPOSITIVO_PROPONE_1;"PROPONE
1. Di aderire nelle modalità e nei termini sopra indicati all’iniziativa “Ci sto? Affare fatica! Facciamo il Bene comune” finanziata dalla Regione Marche – Politiche giovanili e dalla Presidenza del Consiglio dei Ministri Dipartimento per le Politiche giovanili e il servizio civile universale con il FNPG 2024/2026 e coordinata dal CSV Marche ETS – Centro Servizi per il Volontariato delle Marche ETS, così come descritta in narrativa, che si svolgerà indicativamente nel periodo: da lunedì 6 luglio a venerdì 10 luglio 2026; da lunedì 13 luglio a venerdì 17 luglio 2026. Le attività si terranno nella fascia oraria mattutina, dalle ore 8:30 alle ore 12:30, come concordato in via preliminare con CSV Marche ETS.
2.Di stabilire che L'area d'intervento individuata e validata congiuntamente con il CSV Marche ETS è il Campetto di Via Kennedy. Le mansioni affidate al gruppo di lavoro consisteranno in interventi di manutenzione ordinaria, recupero urbano e cura dei beni comuni, nello specifico: la carteggiatura e la pittura delle panchine comunali, preventivamente raccolte e trasportate in loco dalle varie zone del territorio comunale a cura del personale dell’Ufficio Tecnico dell'Ente.
DELIBERA DI GIUNTA N. 65 del 09-06-2026 - Pag. 4 - COMUNE DI ACQUALAGNA
3.Di Dare Atto Che Le operazioni di rimozione, trasporto e corretto smaltimento dei rifiuti residui e dei materiali di scarto derivanti dalle attività di cantiere (quali lattine di vernice vuote, pennelli usati, teli protettivi e carte abrasive) saranno coordinate e poste in capo al personale dell’Ufficio Tecnico Comunale – Squadra Operativa Manutenzioni, nella figura del referente per la sicurezza, Sig. Roberto Braccini, d'intesa con il gestore del servizio locale di igiene urbana. come concordato in via preliminare con CSV Marche ETS.
4. Di dare atto che dall’adozione del presente provvedimento deriveranno oneri economico- finanziari diretti e/o indiretti a carico dell’Amministrazione comunale di Acqualagna per l’acquisto e la fornitura di beni di consumo necessari allo svolgimento delle attività.
5. Di precisare che la predetta collaborazione resta subordinata all’acquisizione (da parte dei proponenti) di tutte le autorizzazioni, permessi e nullaosta previsti dalla legge per lo svolgimento del progetto.
6. Di dichiarare il presente provvedimento immediatamente eseguibile, ai sensi dell’art. 134, comma 4, del D. Lgs. 18.08.2000, n. 267 al fine di aderire fin da subito al progetto";;
ATTO_057;10;UDITO_1;"UDITA la proposta di cui sopra;";;
ATTO_057;11;RITENUTO_2;"RITENUTA la stessa meritevole di approvazione;";;
ATTO_057;12;DISPOSITIVO_DELIBERA;"DELIBERA DI APPROVARE la suestesa proposta. La Giunta Comunale, con voti unanimi resi ed accertati nei modi di legge, DELIBERA di dichiarare il presente atto immediatamente eseguibile ai sensi dell’art. 134, comma 4, del D.Lgs. 18.8.2000, n. 267.";;
ATTO_058;1;RICHIAMATO_1;"RICHIAMATO l'articolo 3, comma 2, 4 e 5 del Testo Unico Enti Locali; ";;
ATTO_058;2;PREMESSO_1;PREMESSO CHE il comune di ACQUAPPESA (CS) con deliberazione del Consiglio Comunale n. 03 del 25.02.2021, ha dichiarato il dissesto finanziario ai sensi dell'art. 244 del D.Lgs. n. 267/2000 e ss.mm.ii. (di seguito denominato TUEL), con ipotesi di bilancio stabilmente riequilibrato anno 2020.;;
ATTO_058;3;RILEVATO_1;"RILEVATO CHE con deliberazione consiliare n. 08 del 09.08.2021, è stata approvata l'ipotesi di bilancio stabilmente riequilibrato, e preso atto che con nota protocollo nr. 115878 del 20/06/2022 con la quale il Ministero dell'Interno - Dipartimento per gli Affari Interni e Territoriali - Direzione Centrale per la Finanza Locale ha comunicato che la Commissione, nella seduta del 15/06/2022, ha espresso parere favorevole all'approvazione dello stesso;";;
ATTO_058;4;VISTO_1;"VISTA la deliberazione del Consiglio Comunale nr. 1 O del 16/08/2022, esecutiva, con la quale è stato approvato il Bilancio Stabilmente Riequilibrato 2020/2022; ";;
ATTO_058;5;VISTO_2;"Visto che ai sensi dell'art. 3 D.L. 786/81 convertito in legge 51/82, gli Enti erogatori di servizi sono tenuti a richiedere la contribuzione degli utenti anche a carattere non generalizzato; ";;
ATTO_058;6;VISTO_3;"Visto l'art. 6 del D.L. n. 55/1983, convertito in legge n. 131/1983, il quale stabilì l'obbligo per le province, i comuni, i loro consorzi e le comunità montane, di definire - non oltre la data della deliberazione di bilancio - la misura percentuale dei costi complessivi dei servizi pubblici a domanda individuale finanziata da tariffe o contribuzioni e da entrate specificamente destinate;";;
ATTO_058;7;VISTO_4;"Visto che ai sensi dell'art. 172, comma 1, lett. c), del d.lgs. 267/2000, al bilancio di previsione occorre allegare ""le deliberazioni con le quali sono determinati, per l'esercizio successivo, le tariffe, le aliquote d'imposta e le eventuali maggiori detrazioni, le variazioni dei limiti di reddito per i tributi locali e per i servizi locali, nonchÃ©, per i servizi a domanda individua/e, i tassi di copertura in percentuale del costo di gestione dei servizi stessi""; ";;
ATTO_058;8;PRECISATO_1;"Precisato che, nei ''servizi pubblici a domanda individua/e"" rientrano le attività gestite direttamente dall'ente, poste in essere non per obbligo istituzionale, utilizzate a richiesta dell'utente, che non siano state dichiarate gratuite dalla normativa nazionale o regionale; ";;
ATTO_058;9;VISTO_5;"Vista la deliberazione della Corte dei Conti, Sez. Aut., n. 25/SEZAUT/2019/QMIG del 7 ottobre 2019 che ha precisato che la doverosità per legge dell'erogazione del servizio di trasporto scolastico osta alla sua qualificazione come servizio pubblico a domanda individuale, per cui in merito a tale servizio si procede con separato procedimento di approvazione delle modalità di contribuzione degli utenti e copertura finanziaria del servizio; ";;
ATTO_058;10;VISTO_6;"Visto il DM 31/12/1983 (pubblicato in G.U. n. 16 del 17/01/1984) che individua analiticamente le categorie dei servizi pubblici da annoverare tra i servizi a domanda individuale e di seguito elencati:  1)	alberghi, esclusi i dormitori pubblici, case di riposo e di ricovero;
2)	alberghi diurni e bagni pubblici; 3)	asili nido;
4)	convitti, campeggi, case per vacanze, ostelli;
5)	colonie e soggiorni stagionali, stabilimenti termali;
6)	corsi extra-scolastici di insegnamento di arti e sport e altre discipline, fatta eccezione per quelli espressa- mente previsti dalla legge;
7)	giardini zoologici e botanici;
8)	impianti sportivi: piscine, campi da tennis, di pattinaggio, impianti di risalita e simili;
9)	mattatoi pubblici;
10) mense, comprese quelle ad uso scolastico;
11)mercati e fiere attrezzati;12)	parcheggi custoditi e parchimetri;
13)	pesa pubblica;
14)	servizi turistici diversi: stabilimenti balneari, approdi turistici e simili;
15)	spurgo di pozzi neri;
16)	teatri, musei, pinacoteche, gallerie, mostre e spettacoli;
17)	trasporti di carni macellate;
18)	trasporti funebri, pompe funebri e illuminazioni votive;
19)	uso di locali adibiti stabilmente ed esclusivamente a riunioni non istituzionali:
20)	auditorium, palazzi dei congressi e simili;";;
ATTO_058;11;RICORDATO_1;"Ricordato che, a norma del citato art. 6 del D.L. 55/1983, nonché dell'art. 3 del D.L. 786/1981, restano esclusi dalla disciplina dei servizi pubblici a domanda individuale e, quindi, dall'obbligo della contribuzione dell'utenza, tutti i servizi che per legge statale o regionale sono gratuiti, quelli finalizzati all'inserimento sociale dei portatori di handicap, quelli per i quali le vigenti norme prevedono la corresponsione di tasse, diritti o prezzi amministrati ed i servizi di trasporto pubblico; ";;
ATTO_058;12;DATO_ATTO_1;"Dato Atto che l'Ente si trova in condizioni di ""ente dissestato"" e che pertanto l'Ente medesimo ha l'obbligo di conseguire il livello minimo di copertura del costo dei servizi a domanda individuale, così come stabilito dal combinato disposto dell'articolo 243 e 251 del TUEL ";;
ATTO_058;13;CONSIDERATO_1;"Considerato che l'individuazione dei costi di ciascun servizio viene fatta con riferimento alle previsioni dell'anno 2025, includendo tutte le spese per il personale comunque adibito anche ad orario parziale, le manutenzioni ordinarie, le spese per i trasferimenti e per acquisto di beni e servizi; ";;
ATTO_058;14;VISTO_7;"Visto l'art. 54 del D.Lgs. 446/97 e successive modifiche e integrazioni, il quale dispone che i comuni approvano le tariffe e i prezzi pubblici ai fini dell'approvazione del bilancio di previsione;";;
ATTO_058;15;RICHIAMATO_1;"Richiamato il comma 16 dell'art. 53 della legge 23/12/2000 n.388, che indica la scadenza per deliberare le tariffe, le aliquote d'imposta per i tributi locali e per i servizi nel medesimo termine fissato per l'approvazione del bilancio di previsione relativo al corrispondente esercizio finanziario; ";;
ATTO_058;16;VISTO_8;Visto il decreto del Ministro dell'Interno del 24 dicembre 2024 che ha differito, al 28 febbraio 2025, il termine per la deliberazione del bilancio di previsione 2025-2027 degli enti locali, ai sensi dell'art. 151, comma 1, del TUEL. ;;
ATTO_058;17;ACQUISITI_PARERI_1;"Acquisiti sulla proposta di deliberazione i pareri favorevoli di regolarità tecnica e contabile ai sensi dell'art. 49, comma 1 del D. Lgs. n. 267/2000; 
Con voti favorevoli ed unanimi, resi in forma palese; ";;
ATTO_058;18;DISPOSITIVO_PROPONE_1;"PROPONE Di CONFERMARE per l'anno 2025 le tariffe dei servizi a domanda individuale, per come di seguito indicato; DI DARE ATTO CHE la copertura del servizio prevista è pari al 39,28%, e che le entrate e le spese del servizio sono indicati negli allegati A e B alla presente deliberazione; DI ALLEGARE la presente deliberazione al bilancio di previsione dell'esercizio 2024-2026, ai sensi dell'articolo 58, comma 1, del decreto legge 25 giugno 2008, n. 112, convertito con modificazioni dalla legge 6 agosto 2008, n. 133;
; DI PUBBLICARE la presente deliberazione per avere effetto di pubblicità legale all'albo pretorio online di questo Comune accessibile al pubblico (art. 32, comma 1, della legge 18 giugno 2009, n. 69) per 15 giorni consecutivi (art. 124, comma 1, del D.Lgs. n. 267/2000);
; DI DICHIARARE, con separata votazione la presente deliberazione immediatamente eseguibile ai sensi dell'art. 134, comma 4, del D.Lgs. n. 267/2000";;
ATTO_058;19;VISTO_9;"Vista la proposta in oggetto indicata; ";;
ATTO_058;20;VISTO_10;"Visti il competente parere di regolarità tecnica, ai sensi dell'art. 49 e art. 147-bis Tuel;";;
ATTO_058;21;VISTO_11;"Visto il D. Lgs. n.267 /2000; ";;
ATTO_058;22;DISPOSITIVO_DELIBERA;"DELIBERA Di approvare la proposta della Giunta riportata in premessa che forma parte integrante e sostanziale del presente atto e qui s’intende espressamente richiamata, confermata e trascritta. La Giunta Comunale, successivamente, con votazione unanime, dichiara la presente deliberazione immediatamente eseguibile ai sensi dell’art. 134, comma 4, del D.Lgs. n. 267/2000.";;
ATTO_059;1;VISTO_1;"Vista la proposta di Deliberazione di G.M n°187 del 14/04/2025 redatta dal Responsabile VI SETTORE - SERVIZI DI PIANIFICAZIONE E SVILUPPO;";;
ATTO_059;2;RITENUTO_1;"Ritenuto di dover provvedere in merito;";;
ATTO_059;3;DATO_ATTO_1;Dato atto che per la stessa sono stati espressi i pareri di cui all’art. 53 della legge 8.6.1990, n.142, recepito dalla L.R. 48/91, come modificato dall’art. 12 L.R. 30/2000 e in applicazione del D.L. n.174/2012, art.3, comma 1 lett. d), riguardanti la regolarità tecnica , e di cui all’art. 153 c.5 del D.Lgs 267/2000.;;
ATTO_059;4;DISPOSITIVO_PROPONE_1;"PROPONE DI DELIBERARE per le ragioni espresse in narrativa e che qui si intendono integralmente riportate e trascritte: 1) Di approvare la sospensione per la durata di 12 mesi di qualsiasi attività istruttoria e di ogni procedimento amministrativo volto all’adozione o all’approvazione di piani di lottizzazione e/o piani particolareggiati sull’intero territorio comunale; 2) Di prendere atto del Parere Tecnico reso dal Responsabile del VI Settore; 3) Di specificare che la sospensione riguarda i piani attuativi ancora in istruttoria e quelli avviati ma non approvati in via definitiva; 4) Di stabilire che gli Uffici competenti si attengano alla deliberazione; 5) Di dare atto che la deliberazione potrà essere prorogata o aggiornata; 6) Di demandare al Responsabile del VI Settore ogni atto conseguente; 7) Di dichiarare la presente deliberazione immediatamente esecutiva.";;
ATTO_060;1;VISTO_1;"VISTA la proposta di Deliberazione N° 54 del 24/07/2024 redatta dal Responsabile del
Servizio Tecnico dell'Ente, che si sostanzia nei contenuti del provvedimento che segue;";;
ATTO_060;2;DATO_ATTO_1;"DATO ATTO che con Deliberazione del Consiglio Comunale N° 34 del 29/12/2023,
immediatamente esecutiva ai sensi di legge, è stato approvato il Bilancio di Previsione per
gli Esercizi Finanziari 2024/2026 e i relativi allegati;";;
ATTO_060;3;VISTO_2;"VISTA la legge regionale n. 17 del 22 novembre 2021, con la quale è stata stanziata la
somma di euro 12.000.000 per la ""Riqualificazione delle caserme nei centri urbani per
utilità pubblica"";";;
ATTO_060;4;VISTO_3;"VISTA la deliberazione della Giunta Regionale n. 49/73 del 17.12.2021 con la quale è
stato approvato un Protocollo d'Intesa tra la Regione Sardegna e il Comando Legione
Carabinieri Sardegna per la promozione di iniziative finalizzate sia alla realizzazione, ove
assenti, di presidi territoriali a cura di enti locali, sia al potenziamento della funzionalità dei
presidi facenti parte della consistenza del demanio attraverso interventi a sostegno
dell'efficientamento energetico e/o dell'adeguamento infrastrutturale;";;
ATTO_060;5;RILEVATO_1;"RILEVATO CHE che il Comune di Aidomaggiore risulta beneficiario di un finanziamento
finalizzato all'attuazione dell'opera denominata ""Sostituzione infissi, realizzazione scala
interna per accesso all’alloggio del Comandante e ristrutturazione dell’unità abitativa,
rifacimento impianto termico"" per un importo complessivo pari ad € 150.000,00 - CUP
E13G24000000006;";;
ATTO_060;6;VISTO_4;"VISTA la convenzione N. 51 prot. n. 9089 del 27/02/2024 sottoscritta digitalmente dal
legale rappresentante dell’Ente succitato e dal Responsabile del centro di responsabilità
competente (SIS);";;
ATTO_060;7;VISTO_5;"VISTA la Determinazione N. 623 Prot. uscita 9794 del 01/03/2024 dell'Assessorato
Regionale dei Lavori Pubblici - Direzione Generale dei Lavori Pubblici - Servizio interventi
delle opere sanitarie, degli enti, bilancio, personale (SIS), con la quale è stata impegnata
la somme di € 150.000,00 in favore del Comune di Aidomaggiore per la manutenzione
straordinaria dell'alloggio comandante carabinieri;";;
ATTO_060;8;VISTO_6;"VISTA la Determinazione del Responsabile dell'Ufficio Tecnico N° 105 del 02.04.2024 con
la quale sono stati affidati i servizi di ingegneria e architettura inerenti la
“MANUTENZIONE STRAORDINARIA ALLOGGIO DEL COMANDANTE DELLA
CASERMA DEI CARABINIERI DI AIDOMAGGIORE” di cui alla L.R. 22/11/2021, N. 17,
tabella D. D.G.R N. 13/45 del 06/04/2023, all'Ing. Emanuele Erbì con sede in Corso
Delibera di G.C. n. 39 del 29.07.2024
Umberto n° 46 – 09090 Gonnosnò (OR) CF: RBEMNL80B28G113L P.Iva: 01112400955
iscritto all’Albo Professionale degli Ingegneri della Provincia di Cagliari al n° 6556;
";;
ATTO_060;9;VISTO_7;"VISTO il progetto di fattibilità tecnico-economica dei lavori di “MANUTENZIONE
STRAORDINARIA ALLOGGIO DEL COMANDANTE DELLA CASERMA DEI
CARABINIERI DI AIDOMAGGIORE”, redatto dal suddetto professionista e costituito dai
seguenti elaborati:
ELABORATI GRAFICI
• Tavola 1 – Inquadramento Urbanistico e territoriale;
• Tavola 2 – Stato di fatto piante, prospetti e sezioni;
• Tavola 3 – Stato di progetto piante, prospetti e sezioni – abaco lavorazioni;
• Tavola 4 – Stato di progetto piante quotate, arredate, demolizioni e nuove
murature;
• Tavola 5 – Stato di progetto – schemi impianti;
ELABORATI TECNICO-CONTABILI
• Allegato A - Relazione generale e tecnica;
• Allegato B - Relazione storico – descrittiva dell'intervento;
• Allegato C - Relazione di calcolo carichi termici invernali ed estivi;
• Allegato D - Relazione tecnica comma 1, art. 8 D.Lgs 192/2005;
• Allegato E - Relazione sui Criteri Ambientali Minimi;
• Allegato F - Computo metrico estimativo e quadro economico;
• Allegato G - Elenco prezzi unitari;
• Allegato H - Analisi prezzi unitari;
• Allegato I - Disciplinare descrittivo prestazionale;
• Allegato J -Piano preliminare di manutenzione dell'opera;
• Allegato K - Indicazioni e prescrizioni in materia di sicurezza
• Allegato L - Autorizzazione paesaggistica semplificata";;
ATTO_060;10;VISTO_8;VISTO il quadro economico di seguito riportato:;;
ATTO_060;11;ACCERTATO_1;"ACCERTATA l'urgenza di procedere con la realizzazione degli interventi in questione in
relazione alle tempistiche dettate dal finanziamento in oggetto;";;
ATTO_060;12;VISTO_9;"VISTO il verbale di verifica del progetto di fattibilità tecnica ed economica a firma del RUP
in contraddittorio con il progettista;";;
ATTO_060;13;RILEVATO_2;"RILEVATO CHE nulla osta all’approvazione del suddetto progetto;";;
ATTO_060;14;RILEVATO_3;"RILEVATA la competenza della Giunta Comunale e la necessità di procedere con l’approvazione in linea tecnica del progetto dell’opera in argomento;";;
ATTO_060;15;ESAMINATO_1;"ESAMINATO il contenuto tecnico di tutti gli elaborati presentati, e constatato che gli stessisono conformi al dettato normativo, ed in particolare verificata la conformità dell’opera rispetto alle prescrizioni urbanistiche e ambientali;";;
ATTO_060;16;RILEVATO_4;"RILEVATO che il rassegnato progetto soddisfa pienamente le prescrizioni di cui alle norme richiamate, alle norme settoriali e alla disciplina urbanistica vigente, nonché agli indirizzi progettuali dettati da questa Amministrazione Comunale;";;
ATTO_060;17;ACCERTATO_2;"ACCERTATO CHE:
• ai sensi dell’art. 5 della Legge N. 241/1990, il Responsabile del Procedimento è il geom. Michele Ardu;
• ai sensi dell'art. 15, comma 5 del D.Lgs N. 36/2023 il Responsabile Unico del
Progetto (RUP) è il geom. Michele Ardu;
";;
ATTO_060;18;DATO_ATTO_2;"DATO ATTO che è stato generato il CUP E13G24000000006;";;
ATTO_060;19;VISTO_10;"VISTO l’art. 7 del D.P.R. n. 380/2001 e successivi modificazioni e integrazioni;";;
ATTO_060;20;VISTO_11;"VISTO il D.lgs. 18.08.2000, n° 267 recante “Testo Unico delle Leggi sull’Ordinamento degli Enti Locali” e successive modificazioni e integrazioni;";;
ATTO_060;21;VISTO_12;"VISTE le altre Leggi e i Regolamenti attualmente vigenti in materia;
";;
ATTO_060;22;VISTO_13;"VISTO il Decreto Legislativo 31.03.2023, n. 36 (e ss.mm.ii.) e relativi allegati;";;
ATTO_060;23;ACQUISITI_PARERI_1;"ACQUISITI sulla proposta di Deliberazione, il parere favorevole espresso dal Responsabile del Servizio Tecnico, in ordine alla regolarità tecnica-amministrativa, e dal Responsabile del Servizio Finanziario, in ordine alla regolarità contabile, ai sensi dell’art. 49 del Decreto Legislativo N. 267/2000, modificato dall'art. 3, 1° comma, del D.L. 10.10.2012, N. 174, convertito in Legge 7.12.2012, N. 213;";;
ATTO_060;24;DISPOSITIVO_DELIBERA;"DELIBERA DI PRENDERE ATTO che la premessa costituisce parte integrante e sostanziale del presente provvedimento; DI APPROVARE il progetto di fattibilità tecnico-economica dei lavori di “MANUTENZIONE STRAORDINARIA ALLOGGIO DEL COMANDANTE DELLA CASERMA DEI CARABINIERI DI AIDOMAGGIORE” per un importo complessivo di € 170.000,00; DI DARE ATTO che la somma trova copertura nel Bilancio Pluriennale 2024/2026; DI PRENDERE ATTO dei pareri di regolarità tecnica e contabile; DI DARE ATTO che il Responsabile Unico del Progetto è il geom. Michele Ardu; DI DARE MANDATO al Responsabile del Servizio Tecnico affinché disponga gli atti conseguenti; DI DICHIARARE, con separata votazione, la presente deliberazione immediatamente esecutiva ai sensi dell’art. 134, comma 4, del D.Lgs. n. 267/2000.";;
