id_delibera;estrattore;format;reference_source;marker_precision;marker_recall;boundary_accuracy;text_fidelity;noise_exclusion;overall_score;issues;notes
ATTO_001;DOCLING;JSON;pdf_text_layer;100;100;100;100;100;100;;"Estrazione narrativa completa e fedele; nessun marcatore mancante o spuro; confini corretti; nessun rumore."
ATTO_001;DOCLING;MARKDOWN;pdf_text_layer;100;100;100;100;100;100;;"Estrazione narrativa completa e fedele; nessun marcatore mancante o spuro; confini corretti; nessun rumore."
ATTO_002;DOCLING;JSON;pdf_text_layer;78;78;95;90;100;88;"Etichetta VALUTATO_1/VALUTATO_2 non conforme allo standard (atteso VALUTATA) | Punteggiatura e spaziature alterate (es. spazio virgola prima della virgola in ""VALUTATA , altresì,"") | Mancata conservazione dei trattini iniziali e dei ritorni a capo dei punti elencati in PREMESSO | Alcune maiuscole non coerenti con il riferimento (es. ""TENUTO"" invece di ""tenuto"")";"Tutti i blocchi narrativi presenti nel riferimento sono stati individuati e i loro limiti rispettati; nessun rumore (certificati, firme, pubblicazione, dispositivo) è stato incluso. Le omissioni riguardano solo dettagli di formattazione e l'etichetta VALUTATA, mentre il contenuto sostanziale è preservato."
ATTO_002;DOCLING;MARKDOWN;pdf_text_layer;78;78;95;90;100;88;"Etichetta VALUTATO_1/VALUTATO_2 non conforme allo standard (atteso VALUTATA) | Punteggiatura e spaziature alterate (es. spazio virgola prima della virgola in ""VALUTATA , altresì,"") | Mancata conservazione dei trattini iniziali e dei ritorni a capo dei punti elencati in PREMESSO | Alcune maiuscole non coerenti con il riferimento (es. ""TENUTO"" invece di ""tenuto"")";Identico al candidato JSON: tutti i blocchi narrativi sono presenti con corretti confini, nessun rumore incluso. Le discrepanze riguardano esclusivamente la forma (etichette VALUTATO, punteggiatura, spaziature e maiuscole) mentre il contenuto sostanziale è completo.
ATTO_003;DOCLING;JSON;pdf_text_layer;50;7;10;20;20;21;Mancano i marker PREMESSO, DATO atto, VISTA (3 occorrenze), VISTO (2 occorrenze), CHE (4 occorrenze), RICHIAMATA, RITENUTO. | Blocco spurio DISPOSITIVO_ATTESTA incluso (rumore non escluso). | Confine del blocco dispositivo erroneamente incluso invece di essere escluso. | Omessa la maggior parte della narrativa precedente al dispositivo. | Ordine dei blocchi estratti non rappresenta la sequenza narrativa completa.;L'estratto contiene correttamente il marker ACQUISITI_PARERI_1 con testo fedele, ma resta fortemente incompleto e include rumore.
ATTO_003;DOCLING;MARKDOWN;pdf_text_layer;50;7;10;20;20;21;Mancano i marker PREMESSO, DATO atto, VISTA (3 occorrenze), VISTO (2 occorrenze), CHE (4 occorrenze), RICHIAMATA, RITENUTO. | Blocco spurio DISPOSITIVO_ATTESTA incluso (rumore non escluso). | Confine del blocco dispositivo erroneamente incluso invece di essere escluso. | Omessa la maggior parte della narrativa precedente al dispositivo. | Ordine dei blocchi estratti non rappresenta la sequenza narrativa completa.;L'estratto contiene correttamente il marker ACQUISITI_PARERI_1 con testo fedele, ma resta fortemente incompleto e include rumore.
ATTO_004;DOCLING;JSON;pdf_text_layer;86;100;85;80;75;85;Marker label error: ACQUISITO_1 should be ACQUISITI | Spurious device block DISPOSITIVO_DELIBERA present | Boundary error in ACQUISITI_PARERI block: includes extra text 'Missione 2 -Componente 4 Sub-investimento 2.1b PIANO NAZIONALE DI RIPRESA E RESILIENZA (PNRR) Il Sindaco espone l'argomento:' | Boundary error in VISTO_5 block: includes header text and Repertorio line that belong after the block | Textual hallucination: repeated header 'PIANO NAZIONALE DI RIPRESA E RESILIENZA (PNRR)' inside blocks | Noise inclusion: device block and header texts not excluded;All narrative markers are present but suffer from label inaccuracies, boundary overruns, and noise inclusion.
ATTO_004;DOCLING;MARKDOWN;pdf_text_layer;86;100;85;90;80;88;Marker label error: ACQUISITO_1 should be ACQUISITI | Spurious device block DISPOSITIVO_DELIBERA present | Boundary error in ACQUISITI_PARERI block: includes header 'PIANO NAZIONALE DI RIPRESA E RESILIENZA (PNRR)' and the phrase 'Il Sindaco espone l'argomento:' which should follow the block | Boundary error in VISTO_5 block: includes header text and Repertorio line that belong after the block | Textual hallucination: repeated header 'PIANO NAZIONALE DI RIPRESA E RESILIENZA (PNRR)' inside blocks | Noise inclusion: device block and header texts;All narrative markers are captured with fewer textual intrusions than the JSON version, improving fidelity and noise exclusion.
ATTO_005;DOCLING;JSON;pdf_text_layer;94;100;80;60;0;67;Missing substantive content: the two opinion bullet points after 'ACQUISITI i pareri...' are omitted. | Missing letter enumerations (a) b) ...) and line breaks in the long description of art. 11, comma 6 (RICHIAMATO_2). | Voting phrase 'A voti unanimi e palesi' incorrectly attached to VISTO_8 block, altering boundary. | Device marker 'DELIBERA' incorrectly included as DISPOSITIVO_DELIBERA, which should be excluded per noise_exclusion.;"All canonical markers are present and correctly labeled; the narrative semantic content is largely preserved except for the noted omissions and boundary issues."
ATTO_005;DOCLING;MARKDOWN;pdf_text_layer;94;100;80;60;0;67;Missing substantive content: the two opinion bullet points after 'ACQUISITI i pareri...' are omitted. | Missing letter enumerations (a) b) ...) and line breaks in the long description of art. 11, comma 6 (RICHIAMATO_2). | Voting phrase 'A voti unanimi e palesi' incorrectly attached to VISTO_8 block, altering boundary. | Device marker 'DELIBERA' incorrectly included as DISPOSITIVO_DELIBERA, which should be excluded per noise_exclusion.;"All canonical markers are present and correctly labeled; the narrative semantic content is largely preserved except for the noted omissions and boundary issues."
ATTO_006;DOCLING;JSON;pdf_text_layer;100;100;80;95;95;94;"Missing narrative line after ACQUISITI_PARERI: 'Con voti favorevoli unanimi resi nei modi e forme di legge;' | Boundary stopped before completing narrative (omitted voting line) | Minor formatting differences: uppercase 'PREDISPOSTO', extra spaces";All expected narrative markers (PREMESSO, VISTO×2, CONSIDERATO, RITENUTO, ACQUISITI_PARERI) are present and correctly labeled. The device marker DISPOSITIVO_DELIBERA appears but no device content is included.
ATTO_006;DOCLING;MARKDOWN;pdf_text_layer;100;100;80;95;100;95;"Missing narrative line after ACQUISITI_PARERI: 'Con voti favorevoli unanimi resi nei modi e forme di legge;' | Boundary stopped before completing narrative (omitted voting line) | Minor formatting differences: uppercase 'PREDISPOSTO', extra spaces";All expected narrative markers are present and correctly labeled. The device label is present but empty, thus no device content is included.
ATTO_007;DOCLING;JSON;pdf_text_layer;72;100;80;100;72;85;Includes device blocks (PROPONE..., VISTO_5..., RITENUTO_3..., VISTI_PARERI_1..., DELIBERA) as noise | Boundary does not stop before dispositivo (includes device blocks);All narrative markers (PREMESSO, VISTO, RICHIAMATO, RITENUTO, DATO_ATTO, CONSIDERATO, RILEVATO) correctly extracted with correct labels and text.
ATTO_007;DOCLING;MARKDOWN;pdf_text_layer;72;100;80;100;72;85;Includes device blocks (PROPONE..., VISTO_5..., RITENUTO_3..., VISTI_PARERI_1..., DELIBERA) as noise | Boundary does not stop before dispositivo (includes device blocks);All narrative markers (PREMESSO, VISTO, RICHIAMATO, RITENUTO, DATO_ATTO, CONSIDERATO, RILEVATO) correctly extracted with correct labels and text.
ATTO_008;DOCLING;JSON;pdf_text_layer;100;100;100;92;100;98;"Uso di trattini '-' al posto dei punti elenco originali | Spazi eccessivi prima di alcuni punti e virgole (es. '2027 ;', '€ 30.000,00 ,') | Mancanza dell'accento grafico in 'l'Avviso' e 'l'Amministrazione' | Maiuscola in 'RICHIAMATO' invece di 'richiamato'";"Tutti i marcatori narrativi sono presenti e corretti; i confini sono identificati correttamente prima del dispositivo. Le divergenze riguardano solo aspetti di formattazione e punteggiatura, senza omissioni o allucinazioni."
ATTO_008;DOCLING;MARKDOWN;pdf_text_layer;100;100;100;85;100;97;Assenza di qualsiasi separatore visivo tra gli elementi degli elenchi (i trattini presenti nel JSON sono scomparsi) | Stesse problematiche di punteggiatura e accenti riscontrate nel JSON | La corsa insieme delle frasi rende meno evidente la struttura a punti elenco;I marcatori narrativi sono tutti presenti e corretti, i confini sono corretti. La fedeltà del testo risente soprattutto della perdita della struttura di elenco, che rende la rappresentazione meno fedele rispetto al riferimento originale, sebbene non vi siano omissioni di contenuto.
ATTO_009;DOCLING;JSON;pdf_text_layer;100;100;100;88;100;98;Missing substantive content in ACQUISITI_PARERI block: the two opinion statements (points 1 and 2) are omitted.;"All markers correctly identified and ordered; only omission is the two opinion items under ACQUISITI_PARERI."
ATTO_009;DOCLING;MARKDOWN;pdf_text_layer;100;100;100;88;100;98;Missing substantive content in ACQUISITI_PARERI block: the two opinion statements (points 1 and 2) are omitted.;"All markers correctly identified and ordered; only omission is the two opinion items under ACQUISITI_PARERI."
ATTO_010;DOCLING;JSON;pdf_text_layer;50;8;20;10;20;22;Missing narrative markers VISTA, VISTO, RILEVATO, RITENUTO, DATO atto, second ACQUISITI_PARERI | Incorrect label DISPOSITIVO_ATTESTA included (noise) | Boundary cuts off large portions of narrative | Text omissions and lack of ordering;"Only first ACQUISITI_PARERI captured; rest of preamble missing; noise not filtered."
ATTO_010;DOCLING;MARKDOWN;pdf_text_layer;50;8;20;10;20;22;Missing narrative markers VISTA, VISTO, RILEVATO, RITENUTO, DATO atto, second ACQUISITI_PARERI | Incorrect label DISPOSITIVO_ATTESTA included (noise) | Boundary cuts off large portions of narrative | Text omissions and lack of ordering;"Same as JSON extraction; markdown representation does not improve."
ATTO_011;DOCLING;JSON;pdf_text_layer;100;100;100;90;100;93;"Omessa intestazione 'LA GIUNTA COMUNALE' | Omessi spazi bianchi e righe vuote tra le sezioni (es. dopo 'RITENUTO_1' e prima di 'RITENUTO_2') | Unita la frase 'VISTO il D. Lgs. n. 267/2000;' e 'All'unanimità dei voti resi in forma palese;' senza interruzione di riga";"Estrazione dei marcatori corretta e completa; piccole perdite di formattazione non influiscono sui marcatori."
ATTO_011;DOCLING;MARKDOWN;pdf_text_layer;100;100;100;90;100;93;"Omessa intestazione 'LA GIUNTA COMUNALE' | Omessi spazi bianchi e righe vuote tra le sezioni (es. dopo 'RITENUTO_1' e prima di 'RITENUTO_2') | Unita la frase 'VISTO il D. Lgs. n. 267/2000;' e 'All'unanimità dei voti resi in forma palese;' senza interruzione di riga";"Estrazione dei marcatori corretta e completa; piccole perdite di formattazione non influiscono sui marcatori."
ATTO_012;DOCLING;JSON;pdf_text_layer;0;0;0;0;0;0;Spurious PREMESSO, CONSIDERATO, RITENUTO, VISTO, DISPOSITIVO_PROPOSTA, VISTO_2, ACQUISITI_PARERI_1 markers present while reference contains no narrative markers. | Extracted content includes dispositivo and proposal text which should be excluded per guidelines. | Boundary detection fails as there is no narrative block in reference.;"Reference PDF text appears to lack the narrative section (PREMESSO/VISTO/RITENUTO etc.) possibly due to OCR loss; therefore any extracted narrative is considered noise."
ATTO_012;DOCLING;MARKDOWN;pdf_text_layer;0;0;0;0;0;0;"Same as JSON: spurious markers, includes dispositivo, boundaries wrong. | Markdown representation duplicates same content; no improvement.";"Identical content to JSON; reference lacks narrative."
ATTO_013;DOCLING;JSON;pdf_text_layer;100;100;0;100;0;60;Included device content (SI PROPONE DI DELIBERARE and following points) as separate block, violating boundary_accuracy and noise_exclusion. | Included post-device markers (VISTA la proposta..., ACQUISITI i pareri..., RITENUTO di approvare..., DELIBERA) as noise.;Narrative markers (PREMESSO, CONSIDERATO, RITENUTO, VISTO) are correctly labeled and textually faithful to the reference.
ATTO_013;DOCLING;MARKDOWN;pdf_text_layer;100;100;0;100;0;60;Included device content (SI PROPONE DI DELIBERARE and following points) as separate block, violating boundary_accuracy and noise_exclusion. | Included post-device markers (VISTA la proposta..., ACQUISITI i pareri..., RITENUTO di approvare..., DELIBERA) as noise.;Narrative markers (PREMESSO, CONSIDERATO, RITENUTO, VISTO) are correctly labeled and textually faithful to the reference.
ATTO_014;DOCLING;JSON;pdf_text_layer;0;0;20;10;30;20;"Markers VISTO, RICHIAMATO, ATTESO, CONSIDERATO, ACQUISITI_PARERI are not present in the reference narrative; they are hallucinations. | The extract includes the DISPOSITIVO_DELIBERA marker, which belongs to the device section and should be excluded from the narrative evaluation. | Important narrative parts from the reference (opening meeting description, attendance table, declaration of quorum, etc.) are missing. | The order of extracted items does not follow any discernible structure present in the source text. | No certificates, signatures, or publication texts were incorrectly included, but the inclusion of the device marker constitutes noise.";"Both JSON and Markdown candidates are identical extracts; they fail to capture any of the actual preamble content and instead insert fabricated legal references."
ATTO_014;DOCLING;MARKDOWN;pdf_text_layer;0;0;20;10;30;20;"Markers VISTO, RICHIAMATO, ATTESO, CONSIDERATO, ACQUISITI_PARERI are not present in the reference narrative; they are hallucinations. | The extract includes the DISPOSITIVO_DELIBERA marker, which belongs to the device section and should be excluded from the narrative evaluation. | Important narrative parts from the reference (opening meeting description, attendance table, declaration of quorum, etc.) are missing. | The order of extracted items does not follow any discernible structure present in the source text. | No certificates, signatures, or publication texts were incorrectly included, but the inclusion of the device marker constitutes noise.";"Both JSON and Markdown candidates are identical extracts; they fail to capture any of the actual preamble content and instead insert fabricated legal references."
ATTO_015;DOCLING;JSON;pdf_text_layer;90;100;100;65;70;85;Marker labels use underscores instead of spaces (e.g., PRESO_ATTO_1 vs PRESO ATto) | Text fidelity issues: missing letter enumerations (h), i), j)..., missing punctuation, merged sentences (m)/n) line) | Noise not excluded: DISPOSITIVO_DELIBERA block present (device) should be omitted per instructions;"All expected narrative markers present and boundaries correct; only minor formatting divergences and inclusion of dispositivo block."
ATTO_015;DOCLING;MARKDOWN;pdf_text_layer;90;100;100;65;70;85;Marker labels use underscores instead of spaces (e.g., PRESO_ATTO_1 vs PRESO ATto) | Text fidelity issues: missing letter enumerations (h), i), j)..., missing punctuation, merged sentences (m)/n) line) | Noise not excluded: DISPOSITIVO_DELIBERA block present (device) should be omitted per instructions;"All expected narrative markers present and boundaries correct; only minor formatting divergences and inclusion of dispositivo block."
ATTO_016;DOCLING;JSON;pdf_text_layer;92;100;100;100;100;98;"Etichetta DISPOSITIVO_DELIBERA presente, non parte dei marcatori narrativi PREMESSO/VISTO/RITENUTO ecc.; influisce sulla precisione.";"Tutti i blocchi narrativi presenti nel riferimento sono stati estratti con correta etichettatura, ordine e fedeltà testuale. Nessuna omissione o allucinazione rilevata; il contenuto del dispositivo è stato correttamente escluso."
ATTO_016;DOCLING;MARKDOWN;pdf_text_layer;92;100;100;100;100;98;"Etichetta DISPOSITIVO_DELIBERA presente, non parte dei marcatori narrativi PREMESSO/VISTO/RITENUTO ecc.; influisce sulla precisione.";"Identico al candidato JSON: tutti i marcatori narrativi sono corretti, completi e fedeli al testo di riferimento. Nessuna omissione o allucinazione; il dispositivo è escluso."
ATTO_017;DOCLING;JSON;pdf_text_layer;83;77;92;30;0;56;Label ACQUISITO_1 does not match marker ACQUISITI | Label DISPOSITIVO_PROPOSTA_1 adds non‑canonical prefix | Block VISTO_4 merges VISTO and RIUNITO text, causing missing RIUNITO marker | Device line DELIBERA included as noise | All blocks prefixed with index and label (e.g., '[1] DATO_ATTO_1:') introducing extraneous text;"Marker labels are mostly correct; only ACQUISITO and DISPOSITIVO_PROPOSTA are wrong. Boundary detection fails for the merged VISTO/RIUNITO block. Text contains hallucinated prefixes and omitted separation. Device not excluded."
ATTO_017;DOCLING;MARKDOWN;pdf_text_layer;83;77;92;30;0;56;Label ACQUISITO_1 does not match marker ACQUISITI | Label DISPOSITIVO_PROPOSTA_1 adds non‑canonical prefix | Block VISTO_4 merges VISTO and RIUNITO text, causing missing RIUNITO marker | Device line DELIBERA included as noise | All blocks prefixed with index and label (e.g., '[1] DATO_ATTO_1:') introducing extraneous text;"Identical to JSON extraction; same issues apply."
ATTO_018;DOCLING;JSON;pdf_text_layer;88.9;92.3;40;95;72.2;78;"Marker label ACQUISITO_1 used instead of canonical ACQUISITI | Included dispositivo markers (DISPOSITIVO_PROPOSTA_1, VISTO_3, VISTO_4, VISTO_5, DISPOSITIVO_DELIBERA) which should be excluded from narrative evaluation | Boundary not stopped before dispositivo; narrative continues into votazione/proposta section";Textual content of narrative blocks is faithfully reproduced with correct ordering and no omissions or hallucinations.
ATTO_018;DOCLING;MARKDOWN;pdf_text_layer;88.9;92.3;40;95;72.2;78;"Marker label ACQUISITO_1 used instead of canonical ACQUISITI | Included dispositivo markers (DISPOSITIVO_PROPOSTA_1, VISTO_3, VISTO_4, VISTO_5, DISPOSITIVO_DELIBERA) which should be excluded from narrative evaluation | Boundary not stopped before dispositivo; narrative continues into votazione/proposta section";Textual content of narrative blocks is faithfully reproduced with correct ordering and no omissions or hallucinations.
ATTO_019;DOCLING;JSON;pdf_text_layer;100;100;100;100;100;100;;"All narrative markers present, correctly ordered, and faithful to the reference. No spurious or missing elements; boundaries stop before the PROPONE section; no noise included."
ATTO_019;DOCLING;MARKDOWN;pdf_text_layer;100;100;100;100;100;100;;"Identical to JSON candidate; narrative matches reference perfectly with correct markers, order, and text fidelity. No noise or boundary issues."
ATTO_020;DOCLING;JSON;pdf_text_layer;94;88;90;80;100;90;Marker UDITO_1 has incorrect label (should be UDITA) and empty text | Marker VISTO_4 merges VISTO and RIUNITO content, lacking a distinct RIUNITO marker | Missing separate RIUNITO marker | Missing correct UDITA marker with its textual content;"Device markers (PROPONE, DELIBERA) were excluded from evaluation as per instructions; all other narrative blocks are present and in correct order."
ATTO_020;DOCLING;MARKDOWN;pdf_text_layer;94;88;90;80;100;90;Marker UDITO_1 has incorrect label (should be UDITA) and empty text | Marker VISTO_4 merges VISTO and RIUNITO content, lacking a distinct RIUNITO marker | Missing separate RIUNITO marker | Missing correct UDITA marker with its textual content;"Device markers (PROPONE, DELIBERA) were excluded from evaluation as per instructions; all other narrative blocks are present and in correct order."
ATTO_021;DOCLING;JSON;pdf_text_layer;58;58;95;30;95;67;Etichette errate: UDITO_1 invece di UDITA, RICHIAMATO_1 invece di RICHIAMATI, DATO_ATTO_* invece di DATO ATTO | Differenze di caso/accento: ATTESA/ATTENZA, CONTO/conto, RICONOSCIUTI/riconosciuti, ACQUISITO/acquisito, maiuscole in CHE/che, DATA/data, nonche'/nonché | Omissioni di punteggiatura/formattazione: mancanti trattini iniziali nei elenchi, sostituzione di simboli bullet (•/) con trattini o spazi | Allucinazione numerica: nel blocco RITENUTO_1 indica 'n. alunni 19' mentre il riferimento riporta 'n. alunni 18' | Errore di verbo: 'DELIBERARE' al posto di 'deliberare' nel primo blocco;La struttura dei blocchi rispetta i confini narrativa/dispositivo, ma numerosi errori lessicali, di caso, di punteggiatura e un errore sostanziale sul numero di alunni riducono markedly la fedeltà testuale.
ATTO_021;DOCLING;MARKDOWN;pdf_text_layer;58;;95;25;95;66;Stesse problematiche di etichette e caso/accento del JSON | Omissione del trattino iniziale davanti a 'Scuola Primaria' nel blocco CONSIDERATO_2 | Mancanza di virgola dopo '-Scuola Primaria - n. alunni 19.' e prima di 'trasmettere' nel blocco RITENUTO_1 | Allucinazione numerica 'n. alunni 19' invece di 18 | Uso di 'nonche'' senza accento e anno scritto '20272028' senza trattino nel VISTO_2;Analogamente al JSON, la suddivisione in blocchi è corretta ma la fedeltà testuale è ulteriormente penalizzata da errori di punteggiatura e formato elenco oltre che dall'errore sul numero di alunni.
ATTO_022;DOCLING;JSON;pdf_text_layer;75;100;80;65;100;84;"Spurious marker RICONOSCIUTO_1 | Spurious marker DISPOSITIVO_DELIBERA | Incorrect capitalization DELIBERARE vs deliberare | Extra text 'Verbale n.60' in RICONOSCIUTO_1 block | Missing sentence 'Con voti favorevoli, unanimi e palesi;' before DELIBERA";All canonical markers (PREMESSO, VISTO x3, DATO_ATTO, VISTI_PARERI) are present and correctly ordered. Narrative content is mostly faithful aside from the noted omissions and additions.
ATTO_022;DOCLING;MARKDOWN;pdf_text_layer;75;100;80;65;100;84;"Spurious marker RICONOSCIUTO_1 | Spurious marker DISPOSITIVO_DELIBERA | Incorrect capitalization DELIBERARE vs deliberare | Extra text 'Verbale n.60' in RICONOSCIUTO_1 block | Missing sentence 'Con voti favorevoli, unanimi e palesi;' before DELIBERA";"Identical to JSON extraction; same strengths and weaknesses apply."
ATTO_023;DOCLING;JSON;pdf_text_layer;88;78;44;98;10;64;"Etichetta UDITO_1 invece di UDITA (genere/numero errato) | Mancanza di etichetta separata per CONSTATATO (contenuto incluso nel blocco VISTO) | Blocco VISTO_1 unisce VISTA e CONSTATATO, causando inaccurata delimitazione dei confini | Frase di votazione ""A voti unanimi, espressi nelle forme di legge;"" inclusa nel blocco VISTI_PARERI_1 (rumore non escluso) | Blocco DISPOSITIVO_DELIBERA: DELIBERA presente (dispositivo non escluso dal rumore) | Minimo errore testuale: ""lieux"" invece di ""luoghi"" nel blocco VISTO_1";Il candidato recupera la maggior parte del contenuto narrativo ma presenta errori di etichettatura, delimitazione dei blocchi e inclusione di elementi di votazione e dispositivo che dovrebbero essere esclusi. L'errore testuale è isolato e poco influente.
ATTO_023;DOCLING;MARKDOWN;pdf_text_layer;88;78;44;98;10;64;"Etichetta UDITO_1 invece di UDITA (genere/numero errato) | Mancanza di etichetta separata per CONSTATATO (contenuto incluso nel blocco VISTO) | Blocco VISTO_1 unisce VISTA e CONSTATATO, causando inaccurata delimitazione dei confini | Frase di votazione ""A voti unanimi, espressi nelle forme di legge;"" inclusa nel blocco VISTI_PARERI_1 (rumore non escluso) | Blocco DISPOSITIVO_DELIBERA: DELIBERA presente (dispositivo non escluso dal rumore) | Minimo errore testuale: ""lieux"" invece di ""luoghi"" nel blocco VISTO_1";Il candidato in formato Markdown riproduce esattamente gli stessi contenuti del JSON, quindi presenta gli stessi problemi di precisione dei marker, di recall, di boundary accuracy e di esclusione del rumore, con un solo piccolo errore testuale.
ATTO_024;DOCLING;JSON;pdf_text_layer;90;100;55;95;40;70;"Spurious DISPOSITIVO_DELIBERA marker included (device section should be excluded) | Boundary not stopped before dispositivo; device block present | Minor formatting differences (bullet points, quote styles) but no substantive omission";"All narrative markers are present and correctly labeled; only the device block was erroneously retained, affecting boundary accuracy and noise exclusion."
ATTO_024;DOCLING;MARKDOWN;pdf_text_layer;90;100;55;95;40;70;"Spurious DISPOSITIVO_DELIBERA marker included (device section should be excluded) | Boundary not stopped before dispositivo; device block present | Minor formatting differences (bullet points, quote styles) but no substantive omission";"Identical to JSON candidate; all narrative content is correct, but the device block was not excluded as required."
ATTO_025;DOCLING;JSON;pdf_text_layer;86;92;30;95;70;75;"Omessa la frase introduttiva ""Si dà atto che l’Assessore CHIOLERO Lino partecipa alla seduta in videoconferenza ai sensi del vigente regolamento."" | Omessa la linea ""LA GIUNTA COMUNALE"" e la relativa formattazione iniziale. | Inserito marcatore spurio ATTESO_1 che non corrisponde a nessuna etichetta canonica del riferimento. | Incluso il marcatore DISPOSITIVO_DELIBERA (DELIBERA) che appartiene alla sezione dispositivo e doveva essere escluso. | Confini di inizio e fine narrativa errati: mancata inclusione della parte introduttiva e inclusione impropria del dispositivo.";Il contenuto estratto è sostanzialmente corretto dal VISTO in poi, ma presenta omissioni iniziali, confini sbagliati e rumore.
ATTO_025;DOCLING;MARKDOWN;pdf_text_layer;86;92;30;95;70;75;"Omessa la frase introduttiva ""Si dà atto che l’Assessore CHIOLERO Lino partecipa alla seduta in videoconferenza ai sensi del vigente regolamento."" | Omessa la linea ""LA GIUNTA COMUNALE"" e la relativa formattazione iniziale. | Inserito marcatore spurio ATTESO_1 che non corrisponde a nessuna etichetta canonica del riferimento. | Incluso il marcatore DISPOSITIVO_DELIBERA (DELIBERA) che appartiene alla sezione dispositivo e doveva essere escluso. | Confini di inizio e fine narrativa errati: mancata inclusione della parte introduttiva e inclusione impropria del dispositivo.";"Identico al candidato JSON; stessi problemi di omissione, confini e rumore."
ATTO_026;DOCLING;JSON;pdf_text_layer;70;70;55;94;88;75;"Marker RICHIAMATO_1 should be RICHIAMATE to match reference. | Marker RICHIAMATO_2 should be RICHIAMATA to match reference. | Marker RAVVISATO_1 should be RAVVISATA to match reference. | Included device block DISPOSITIVO_DELIBERA: DELIBERA, which should be excluded as noise before the dispositivo. | Boundary does not stop before the device block; device appears in output. | Minor punctuation/capitalization variations (e.g., 'DATA' vs 'data', quote styles) present but do not affect substance.";"Suffixes _1, _2 are permitted; VISTO label correctly covers VISTA/VISTI; ACQUISITI_PARERI is an admitted semantic label."
ATTO_026;DOCLING;MARKDOWN;pdf_text_layer;70;70;55;94;88;75;"Marker RICHIAMATO_1 should be RICHIAMATE to match reference. | Marker RICHIAMATO_2 should be RICHIAMATA to match reference. | Marker RAVVISATO_1 should be RAVVISATA to match reference. | Included device block DISPOSITIVO_DELIBERA: DELIBERA, which should be excluded as noise before the dispositivo. | Boundary does not stop before the device block; device appears in output. | Minor punctuation/capitalization variations (e.g., 'DATA' vs 'data', quote styles) present but do not affect substance.";"Suffixes _1, _2 are permitted; VISTO label correctly covers VISTA/VISTI; ACQUISITI_PARERI is an admitted semantic label."
ATTO_027;DOCLING;JSON;pdf_text_layer;75;60;75;73;0;57;Missing separate ACQUISITO marker | Missing separate SENTITO marker | Spurious ACQUISITI_PARERI marker merging ACQUISITO and SENTITO | Omission of the enumerated list (items 1‑7) under the VISTO block | Inclusion of the dispositivo heading 'DELIBERA' (noise not excluded);The candidate correctly captures VISTO, RITENUTO and DATO_ATTO blocks but fails to separate ACQUISITO and SENTITO, omits the VISTO list, and includes a noise token (DELIBERA) that should be excluded.
ATTO_027;DOCLING;MARKDOWN;pdf_text_layer;75;60;75;73;0;57;Missing separate ACQUISITO marker | Missing separate SENTITO marker | Spurious ACQUISITI_PARERI marker merging ACQUISITO and SENTITO | Omission of the enumerated list (items 1‑7) under the VISTO block | Inclusion of the dispositivo heading 'DELIBERA' (noise not excluded);"Identical to the JSON version: correct VISTO, RITENUTO, DATO_ATTO blocks; missing ACQUISITO/SENTITO separation, missing VISTO list, and noise inclusion."
ATTO_028;DOCLING;JSON;pdf_text_layer;94;94;100;85;100;95;Marker RICHIAMATI missing (expected plural form) | Unexpected marker RICHIAMATO_1 (duplicate singular) leading to extra marker | Omission of bullet points (•) after PREMESSO block | Omission of numeric list prefixes (1., 2.) after RILEVATO block | Omission of numeric list prefixes (3., 4., 5., 6.) after PRESO ATTO second block;"Marker order and labels are mostly correct; only the plural RICHIAMATI is missing and replaced by an extra singular RICHIAMATO. Text omissions mainly concern bullet points and enumerated list prefixes, affecting fidelity."
ATTO_028;DOCLING;MARKDOWN;pdf_text_layer;94;94;100;95;100;97;Marker RICHIAMATI missing (expected plural form) | Unexpected marker RICHIAMATO_1 (duplicate singular) leading to extra marker | Omission of bullet points (•) after PREMESSO block;"Marker order and labels are correct except for the missing plural RICHIAMATI and extra singular RICHIAMATO. Textual omissions are limited to the bullet points after PREMESSO; enumerated lists are preserved, resulting in high fidelity."
ATTO_029;DOCLING;JSON;pdf_text_layer;100;100;100;90;90;96;Omissione dei label 'a)' e 'b)' e della numerazione enumerata (1)-6) nel blocco TENUTO_CONTO_1. | Incluso marcatore DISPOSITIVO_DELIBERA che appartiene al dispositivo e deve essere escluso dalla narrativa.;Narrativa estratta correttamente salvo omissione di alcuni elementi strutturali nel blocco TENUTO_CONTO e presenza di marcatore dispositivo.
ATTO_029;DOCLING;MARKDOWN;pdf_text_layer;100;100;100;100;90;98;Incluso marcatore DISPOSITIVO_DELIBERA che appartiene al dispositivo e deve essere escluso dalla narrativa.;"Narrativa estratta fedelmente; unico rumore è il marcatore dispositivo."
ATTO_030;DOCLING;JSON;pdf_text_layer;100;100;0;85;0;57;"Boundary error: extracted content continues past the narrative into the PROPONE block and subsequent device sections (DISPOSITIVO_PROPOSTA_1, VISTO_6, RITENUTO_1, DISPOSITIVO_DELIBERA). | Noise inclusion: device-related text (PROPONE, attestations, mandates, publication, warnings) should be excluded per guidelines. | OCR/text fidelity issue in PREMESSO_1: contains ""09 giugno 6 2 2024"" instead of ""09 giugno 2024"".";"All expected narrative markers are present and correctly labelled; however the extract fails to stop before the operative device, introducing substantial noise and a minor OCR glitch."
ATTO_030;DOCLING;MARKDOWN;pdf_text_layer;100;100;0;85;0;57;"Boundary error: extracted content continues past the narrative into the PROPONE block and subsequent device sections (DISPOSITIVO_PROPOSTA_1, VISTO_6, RITENUTO_1, DISPOSITIVO_DELIBERA). | Noise inclusion: device-related text (PROPONE, attestations, mandates, publication, warnings) should be excluded per guidelines. | OCR/text fidelity issue in PREMESSO_1: contains ""09 giugno 6 2 2024"" instead of ""09 giugno 2024"".";"All expected narrative markers are present and correctly labelled; however the extract fails to stop before the operative device, introducing substantial noise and a minor OCR glitch."
ATTO_031;DOCLING;JSON;pdf_text_layer;74;81;65;45;70;67;Spurious markers: DISPOSITIVO_PROPOSTA_1, DISPOSITIVO_PROPOSTA_2, DISPOSITIVO_DELIBERA | Incorrect gender/number in markers: ACQUISITO_1 (should be ACQUISITA_1), ESAMINATO_1 (should be ESAMINATA_1) | Missing distinct PRESO_ATTO marker for the clause inside ACQUISITO sentence (though captured within) | Misordering: Esaminata block (DISPOSITIVO_PROPOSTA_2) placed before Preso atto della crisi and Considerato art.8 blocks | Duplication and incomplete Esaminata block: ESAMINATO_1 incomplete, DISPOSITIVO_PROPOSTA_2 duplicates full block | Included device heading 'DELIBERA' as noise;Markers largely capture canonical sections but order and extra markers reduce fidelity.
ATTO_031;DOCLING;MARKDOWN;pdf_text_layer;74;81;65;45;70;67;Spurious markers: DISPOSITIVO_PROPOSTA_1, DISPOSITIVO_PROPOSTA_2, DISPOSITIVO_DELIBERA | Incorrect gender/number in markers: ACQUISITO_1 (should be ACQUISITA_1), ESAMINATO_1 (should be ESAMINATA_1) | Missing distinct PRESO_ATTO marker for the clause inside ACQUISITO sentence (though captured within) | Misordering: Esaminata block (DISPOSITIVO_PROPOSTA_2) placed before Preso atto della crisi and Considerato art.8 blocks | Duplication and incomplete Esaminata block: ESAMINATO_1 incomplete, DISPOSITIVO_PROPOSTA_2 duplicates full block | Included device heading 'DELIBERA' as noise;"Identical to JSON extraction; same issues apply."
ATTO_032;DOCLING;JSON;pdf_text_layer;100;100;100;95;100;96;Virgolette semplici utilizzate invece di quelle tipografiche presenti nel riferimento | Alcune parole risultano in maiuscolo (es. ACQUISITA, DATA, DELIBERA) rispetto al testo originale | Assenza di accenti su alcune lettere (es. ‘è’ diventata 'e' in alcuni casi) | Minime differenze di punteggiatura (spazi prima della virgola, punto finale);Il candidato ha estratto correttamente tutti i marker narrativi, mantenuto l'ordine e interrotto prima del dispositivo, senza includere rumore. Le uniche deviazioni riguardano variazioni di forma (case, virgolette, accenti) che non compromettono la comprensione.
ATTO_032;DOCLING;MARKDOWN;pdf_text_layer;100;100;100;95;100;96;Virgolette semplici utilizzate invece di quelle tipografiche presenti nel riferimento | Alcune parole risultano in maiuscolo (es. ACQUISITA, DATA, DELIBERA) rispetto al testo originale | Assenza di accenti su alcune lettere (es. ‘è’ diventata 'e' in alcuni casi) | Minime differenze di punteggiatura (spazi prima della virgola, punto finale);Identico al candidato JSON: ottima precisione e recall sui marker, confini corretti, esclusione del rumore. Le lievi inesattezze testuali riguardano solo aspetti di forma.
ATTO_033;DOCLING;JSON;pdf_text_layer;98;100;80;85;70;86;Extra marker DISPOSITIVO_DELIBERA: DELIBERA included (belongs to dispositivo, should be excluded). | Misplaced heading 'OGGETTO: DETERMINAZIONS.' inside PRESO_ATTO_1 (noise, incorrect location). | Typo: 'DETERMINAZIONS' instead of 'DETERMINAZIONI'. | Inconsistent uppercase tokens: DATA, CONTO, STABILITA, PRESO, TENUTE (should be lowercase per reference). | Minor punctuation/spacing irregularities throughout the extracted text.;All expected narrative markers are present with correct labels (perfect recall and high precision). Boundaries stop before the deliberation points, but an extra device marker was added. Text content is largely faithful but suffers from case changes, a misplaced heading, and a typo, affecting fidelity and noise exclusion.
ATTO_033;DOCLING;MARKDOWN;pdf_text_layer;98;100;80;85;70;86;Extra marker DISPOSITIVO_DELIBERA: DELIBERA included (belongs to dispositivo, should be excluded). | Misplaced heading 'OGGETTO: DETERMINAZIONS.' inside PRESO_ATTO_1 (noise, incorrect location). | Typo: 'DETERMINAZIONS' instead of 'DETERMINAZIONI'. | Inconsistent uppercase tokens: DATA, CONTO, STABILITA, PRESO, TENUTE (should be lowercase per reference). | Minor punctuation/spacing irregularities throughout the extracted text.;All expected narrative markers are present with correct labels (perfect recall and high precision). Boundaries stop before the deliberation points, but an extra device marker was added. Text content is largely faithful but suffers from case changes, a misplaced heading, and a typo, affecting fidelity and noise exclusion.
ATTO_034;DOCLING;JSON;pdf_text_layer;80;80;83;95;83;80;Marker VALUTATO_1 non corretto (atteso VALUTATI_1) | Uso di maiuscole in EVIDENZIATO, CONSIDERATO, ATTO, VALUTATI, VISTI, VISTA dove il riferimento usa minuscole | Virgolette singole invece di doppie nella clausola VISTO | Blocco DISPOSITIVO_DELIBERA presente, che dovrebbe essere escluso come rumore | Assenza dei trattini iniziali dei punti elenco (formatting minore);"Contenuto narrativo completo e in ordine corretto; nessun'omissione sostanziale."
ATTO_034;DOCLING;MARKDOWN;pdf_text_layer;80;80;83;90;83;83;Marker VALUTATO_1 non corretto (atteso VALUTATI_1) | Uso di maiuscole in EVIDENZIATO, CONSIDERATO, ATTO, VALUTATI, VISTI, VISTA dove il riferimento usa minuscole | Virgolette singole invece di doppie nella clausola VISTO | Eliminazione dei trattini dei punti elenco e sostituzione con virgole/punto e virgola, alterando la punteggiatura originale | Blocco DISPOSITIVO_DELIBERA presente, che dovrebbe essere escluso come rumore;"Contenuto narrativo presente e completo; solo differenze di formattazione e maiuscole/minuscole."
ATTO_035;DOCLING;JSON;pdf_text_layer;100;100;70;80;70;75;"Missing narrative line: ""Con voti unanimi e palesi resi come per legge;"" before the dispositivo. | Included spurious marker DISPOSITIVO_DELIBERA: DELIBERA (device noise). | Minor text deviations: single quotes instead of double quotes, capitalization of ""VISTA"" inside quoted text, omission of bullet dashes and semicolons.";All canonical markers (PREMESSO, DATO_ATTO, EVIDENZIATO, CONSIDERATO, RITENUTO, VALUTATO, ACQUISITI_PARERI, VISTO×3) are correctly identified and present. The narrative is otherwise faithful except for the omitted unanimity statement and the inclusion of device-related noise.
ATTO_035;DOCLING;MARKDOWN;pdf_text_layer;100;100;70;80;70;75;"Missing narrative line: ""Con voti unanimi e palesi resi come per legge;"" before the dispositivo. | Included spurious marker DISPOSITIVO_DELIBERA: DELIBERA (device noise). | Minor text deviations: single quotes instead of double quotes, capitalization of ""VISTA"" inside quoted text, omission of bullet dashes and semicolons.";All canonical markers (PREMESSO, DATO_ATTO, EVIDENZIATO, CONSIDERATO, RITENUTO, VALUTATO, ACQUISITI_PARERI, VISTO×3) are correctly identified and present. The narrative is otherwise faithful except for the omitted unanimity statement and the inclusion of device-related noise.
ATTO_036;DOCLING;JSON;pdf_text_layer;100;95;95;78;88;91;"Missing separate VISTO marker for 'Visto il programma di mandato...' (merged into UDITO block) | Extra noise 'COMUNE DI PISTOIA' inside PRECISATO_2 block | Case and punctuation deviations (e.g., uppercase 'RILASCIATO', 'PRESO', 'FORMULATA'; straight quotes instead of curly quotes; missing accent in 'ma ggio' space)";"JSON and Markdown outputs are identical; both capture all narrative content but with minor formatting and boundary issues."
ATTO_036;DOCLING;MARKDOWN;pdf_text_layer;100;95;95;78;88;91;"Missing separate VISTO marker for 'Visto il programma di mandato...' (merged into UDITO block) | Extra noise 'COMUNE DI PISTOIA' inside PRECISATO_2 block | Case and punctuation deviations (e.g., uppercase 'RILASCIATO', 'PRESO', 'FORMULATA'; straight quotes instead of curly quotes; missing accent in 'ma ggio' space)";"JSON and Markdown outputs are identical; both capture all narrative content but with minor formatting and boundary issues."
ATTO_037;DOCLING;JSON;pdf_text_layer;75;71;95;60;100;78;Marker UDITO invece di UDITA | Marker RICHIAMATO usato al posto di RICHIAMATA (due occorrenze) | Marker CONSIDERATO usato al posto di CONSIDERATA | Manca un marcatore separato PRESO ATTO | Incoerenze di maiuscole/minuscole in tutto il testo | Testo inserito/spurio 'COMUNE DI PISTOIA' dentro VISTI_PARERI_1 | Mancano le etichette 'a)' e 'b)' nel blocco RICHIAMATO_3 | Manca la 's' finale in 'menzione' (dovrebbe essere 'menzioni');L'estrazione cattura la maggior parte della narrazione ma presenta errori di etichetta, incoerenze di caso e piccole omissioni/inserzioni che influiscono sulla fedeltà del testo.
ATTO_037;DOCLING;MARKDOWN;pdf_text_layer;75;71;95;60;100;78;Marker UDITO invece di UDITA | Marker RICHIAMATO usato al posto di RICHIAMATA (due occorrenze) | Marker CONSIDERATO usato al posto di CONSIDERATA | Manca un marcatore separato PRESO ATTO | Incoerenze di maiuscole/minuscole in tutto il testo | Testo inserito/spurio 'COMUNE DI PISTOIA' dentro VISTI_PARERI_1 | Mancano le etichette 'a)' e 'b)' nel blocco RICHIAMATO_3 | Manca la 's' finale in 'menzione' (dovrebbe essere 'menzioni');"Identico all'estrazione JSON; il formato Markdown non altera il contenuto semantico."
ATTO_038;DOCLING;JSON;pdf_text_layer;80;57;30;40;20;45;Missing PREMESSO marker | VISTO marker incorrectly includes RILASCIANDO content (should be separate) | Missing separate RILASCIANDO marker | Included dispositivo content (PROPONE, RITENUTA, voting, etc.) as narrative markers | Boundary not stopped before dispositivo (incorrectly extended into proposal and deliberation) | Order disrupted due to missing PREMESSO;"Markers FORMULATO, RILEVATO, PRECISATO, PREDISPOSTO are correct; other narrative markers missing or merged."
ATTO_038;DOCLING;MARKDOWN;pdf_text_layer;80;57;30;40;20;45;Missing PREMESSO marker | VISTO marker incorrectly includes RILASCIANDO content (should be separate) | Missing separate RILASCIANDO marker | Included dispositivo content (PROPONE, RITENUTA, voting, etc.) as narrative markers | Boundary not stopped before dispositivo (incorrectly extended into proposal and deliberation) | Order disrupted due to missing PREMESSO;"Same issues as JSON; formatting differences (escaped underscores) do not affect evaluation."
ATTO_039;DOCLING;JSON;pdf_text_layer;67;67;30;45;20;42;Missing PREMESSO marker | Missing EVIDENZIATO marker | Missing VISTI marker | DATO_ATTO_1 incorrectly includes EVIDENZIATO content | RITENUTO_1 incorrectly includes VISTI content | Inclusion of dispositivo sections (PROPONE, votazione, DELIBERA) as separate markers | Garbled text inside PREMESSO segment with omitted words and incorrect ordering;"JSON and Markdown outputs are identical; both suffer from the same issues."
ATTO_039;DOCLING;MARKDOWN;pdf_text_layer;67;67;30;45;20;42;Missing PREMESSO marker | Missing EVIDENZIATO marker | Missing VISTI marker | DATO_ATTO_1 incorrectly includes EVIDENZIATO content | RITENUTO_1 incorrectly includes VISTI content | Inclusion of dispositivo sections (PROPONE, votazione, DELIBERA) as separate markers | Garbled text inside PREMESSO segment with omitted words and incorrect ordering;"JSON and Markdown outputs are identical; both suffer from the same issues."
ATTO_040;DOCLING;JSON;pdf_text_layer;73;73;0;50;20;43;Missing PREMESSO label | Incorrect ACQUISITO_1/ACQUISITO_2 labels (should be ACQUISITA/ACQUISITI) | Device content (PROPONE block and subsequent RITENUTO/DATO_ATTO sections) included as narrative | Extra labels after device (RITENUTO_1, DATO_ATTO_2, ATTESO_2, DATO_ATTO_3, DISPOSITIVO_DELIBERA) present as noise;Narrative text is largely correct but label errors and inclusion of device sections reduce precision, recall, boundary accuracy and noise exclusion.
ATTO_040;DOCLING;MARKDOWN;pdf_text_layer;73;73;0;50;20;43;Missing PREMESSO label | Incorrect ACQUISITO_1/ACQUISITO_2 labels (should be ACQUISITA/ACQUISITI) | Device content (PROPONE block and subsequent RITENUTO/DATO_ATTO sections) included as narrative | Extra labels after device (RITENUTO_1, DATO_ATTO_2, ATTESO_2, DATO_ATTO_3, DISPOSITIVO_DELIBERA) present as noise;Narrative text is largely correct but label errors and inclusion of device sections reduce precision, recall, boundary accuracy and noise exclusion.
ATTO_041;DOCLING;JSON;pdf_text_layer;80;94;40;85;40;68;Missing PREMESSO marker. | Spurious markers: DISPOSITIVO_PROPOSTA_1, ATTESO_3, DATO_ATTO_2, DISPOSITIVO_DELIBERA. | Minor text inaccuracies: missing spaces after dash in bullet points, capitalised 'CONSIDERATE', typo 'made in ltaly', quote style differences.;"Narrative blocks extracted in correct order; all expected markers except PREMESSO present; text largely faithful with minor formatting issues."
ATTO_041;DOCLING;MARKDOWN;pdf_text_layer;80;94;40;88;40;68;Missing PREMESSO marker. | Spurious markers: DISPOSITIVO_PROPOSTA_1, ATTESO_3, DATO_ATTO_2, DISPOSITIVO_DELIBERA. | Minor text inaccuracies: typo 'made in ltaly', missing spaces after dash in bullet points.;"Narrative blocks extracted in correct order; includes correct numeric enumeration in RICONOSCIUTO_1; text mostly faithful with only minor issues."
ATTO_042;DOCLING;JSON;pdf_text_layer;100;29;24;55;100;62;Missing ATTESO, EVIDENZIATO, second PRECISATO, DATO ATTO, second ATTESO, second RITENUTO, Visto series markers | PRECISATO block truncated (missing text after '-benefici nella gestione automatica della ZT') | No text beyond PRECISATO extracted (missing subsequent narrative blocks);"Marker labels are correct and in the expected order; no spurious markers; noise (certificates, firme, pubblicazione, dispositivo) properly excluded."
ATTO_042;DOCLING;MARKDOWN;pdf_text_layer;100;29;24;55;100;62;Missing ATTESO, EVIDENZIATO, second PRECISATO, DATO ATTO, second ATTESO, second RITENUTO, Visto series markers | PRECISATO block truncated (missing text after '-benefici nella gestione automatica della ZT') | No text beyond PRECISATO extracted (missing subsequent narrative blocks);"Marker labels are correct and in the expected order; no spurious markers; noise (certificates, firme, pubblicazione, dispositivo) properly excluded."
ATTO_043;DOCLING;JSON;pdf_text_layer;80;80;67;83;0;62;"Etichetta PRESO_ATTO_1 non corrisponde allo standard 'PRESO ATTO' (underscore invece di spazio) | Blocco narrativa 'CON VOTAZIONE unanime e favorevole espressa nei modi e forme di legge;' omesso | Blocco 'DISPOSITIVO_DELIBERA: DELIBERA' incluso, appartenente al dispositivo e quindi rumore non escluso";"I marcatori PREMESSO, CONSIDERATO, RITENUTO e VISTO sono corretti; il testo estratto è fedele ma manca l'ultimo passaggio narrativo prima del dispositivo e contiene un'etichetta errata più un rumore di dispositivo."
ATTO_043;DOCLING;MARKDOWN;pdf_text_layer;80;80;67;83;0;62;"Etichetta PRESO_ATTO_1 non corrisponde allo standard 'PRESO ATTO' (underscore invece di spazio) | Blocco narrativa 'CON VOTAZIONE unanime e favorevole espressa nei modi e forme di legge;' omesso | Blocco 'DISPOSITIVO_DELIBERA: DELIBERA' incluso, appartenente al dispositivo e quindi rumore non escluso";Analogamente al candidato JSON, i marcatori principali sono presenti ma l'etichetta PRESO ATTO è errata, manca il passaggio sulla votazione e viene incluso rumore di dispositivo.
ATTO_044;DOCLING;JSON;pdf_text_layer;100;100;83;95;83;90;Inclusione del blocco dispositivo DISPOSITIVO_DELIBERA (rumore da escludere) | Assenza della riga di votazione 'CON VOTI favorevoli...' (non penalizzata, ma nota) | Sostituzione del trattino lungo '–' con trattino semplice '-' nei riferimenti normativi | Conversione in maiuscola di alcuni termini (es. 'INDIVIDUATE', 'ATTO') | Mancato mantenimento dei trattini puntatori dei bullet point;"Tutti i marcatori narrativi sono presenti e corretti; l'unico rumore è il blocco dispositivo aggiunto alla fine."
ATTO_044;DOCLING;MARKDOWN;pdf_text_layer;100;100;83;90;83;87;Inclusione del blocco dispositivo DISPOSITIVO_DELIBERA (rumore da escludere) | Assenza della riga di votazione 'CON VOTI favorevoli...' (non penalizzata) | Sostituzione del trattino lungo '–' con trattino semplice '-' nei riferimenti normativi | Conversione in maiuscola di termini come 'INDIVIDUATE', 'ATTO' e mancata accentuazione | Rimozione dei trattini puntatori dei bullet point e dei spazi di formattazione originale;"I marcatori narrativi sono tutti corretti; il testo presenta variazioni di caso e punteggiatura che riducono la fedeltà rispetto al riferimento."
ATTO_045;DOCLING;JSON;pdf_text_layer;100;100;100;95;85;95;Minor spacing and case differences in narrative text (e.g., missing spaces after dashes, capitalized verbs). | Included device heading 'DISPOSITIVO_DELIBERA: DELIBERA' as a separate block, which should be excluded per guidelines.;"Narrative markers correctly identified and complete; text fidelity high with only superficial deviations."
ATTO_045;DOCLING;MARKDOWN;pdf_text_layer;100;100;100;95;85;95;Minor spacing and case differences in narrative text (e.g., missing spaces after dashes, capitalized verbs). | Included device heading 'DISPOSITIVO_DELIBERA: DELIBERA' as a separate block, which should be excluded per guidelines.;"Narrative markers correctly identified and complete; text fidelity high with only superficial deviations."
ATTO_046;DOCLING;JSON;pdf_text_layer;100;100;100;80;0;76;Case alterations: PRESA/d'ATTO instead of presa/d'atto in PREMESSO block | Extra period after 'AA.GG.' in CONSIDERATO block | Missing bullet formatting and line breaks (presentational) | Included device block DISPOSITIVO_DELIBERA which should be excluded as noise;"All expected narrative markers present and in correct order; content otherwise faithful."
ATTO_046;DOCLING;MARKDOWN;pdf_text_layer;100;100;100;80;0;76;Case alterations: PRESA/d'ATTO instead of presa/d'atto in PREMESSO block | Extra period after 'AA.GG.' in CONSIDERATO block | Missing bullet formatting and line breaks (presentational) | Included device block DISPOSITIVO_DELIBERA which should be excluded as noise;"All expected narrative markers present and in correct order; content otherwise faithful."
ATTO_047;DOCLING;JSON;pdf_text_layer;66.7;80.0;83.3;55.0;83.3;74;"Marker ESAMINATO_1 incorrect gender/number (should be ESAMINATA_1). | Extra block DISPOSITIVO_DELIBERA (device) included, should be excluded as noise. | PREMESSO block text: missing 'che' after PREMESSO and uses 'that' instead of 'che'. | ESAMINATO block text: uppercase FORMULATA, ACQUISITA, DATA where reference uses lowercase; extra space before semicolon.";All expected narrative blocks (PREMESSO, EVIDENZIATO, RITENUTO, RICHIAMATO) are present with correct boundaries and order. No missing blocks within the narrative. The device block is the only noise introduced.
ATTO_047;DOCLING;MARKDOWN;pdf_text_layer;66.7;80.0;83.3;55.0;83.3;74;"Marker ESAMINATO_1 incorrect gender/number (should be ESAMINATA_1). | Extra block DISPOSITIVO_DELIBERA (device) included, should be excluded as noise. | PREMESSO block text: missing 'che' after PREMESSO and uses 'that' instead of 'che'. | ESAMINATO block text: uppercase FORMULATA, ACQUISITA, DATA where reference uses lowercase; extra space before semicolon.";All expected narrative blocks (PREMESSO, EVIDENZIATO, RITENUTO, RICHIAMATO) are present with correct boundaries and order. No missing blocks within the narrative. The device block is the only noise introduced.
ATTO_048;DOCLING;JSON;pdf_text_layer;86;100;60;96;80;84;Marcatore spurious DISPOSITIVO_DELIBERA inserito dopo la narrativa (deve essere escluso) | Il blocco DISPOSITIVO_DELIBERA estende il confine oltre il punto di stop richiesto prima del dispositivo | Presenza di rumore (marcatore e testo 'DELIBERA') che dovrebbe essere rimosso secondo le regole di noise_exclusion;Tutti i marcatori narrativi di riferimento (PREMESSO, PRECISATO, DATO_ATTO x2, RITENUTO, ACQUISITI_PARERI) sono presenti e correttamente etichettati. Il contenuto testuale di ogni blocco è fedele al riferimento, senza omissioni o allucinazioni, e l'ordine è rispettato. L'unico problema è l'inclusione non autorizzata di un marcatore relativo al dispositivo, che influisce su boundary_accuracy, marker_precision e noise_exclusion.
ATTO_048;DOCLING;MARKDOWN;pdf_text_layer;86;100;60;96;80;84;Marcatore spurious DISPOSITIVO_DELIBERA inserito dopo la narrativa (deve essere escluso) | Il blocco DISPOSITIVO_DELIBERA estende il confine oltre il punto di stop richiesto prima del dispositivo | Presenza di rumore (marcatore e testo 'DELIBERA') che dovrebbe essere rimosso secondo le regole di noise_exclusion;Tutti i marcatori narrativi di riferimento (PREMESSO, PRECISATO, DATO_ATTO x2, RITENUTO, ACQUISITI_PARERI) sono presenti e correttamente etichettati. Il contenuto testuale di ogni blocco è fedele al riferimento, senza omissioni o allucinazioni, e l'ordine è rispettato. L'unico problema è l'inclusione non autorizzata di un marcatore relativo al dispositivo, che influisce su boundary_accuracy, marker_precision e noise_exclusion.
ATTO_049;DOCLING;JSON;pdf_text_layer;58;58;100;100;100;83;Marker labels incorrect for RICHIAMATI/RICHIAMATA/INDIVIDUATA/VERIFICATA (wrong gender/number).;"All narrative content present and ordered correctly; no extraneous noise; boundary stops before DELIBERA as required."
ATTO_049;DOCLING;MARKDOWN;pdf_text_layer;58;58;100;100;100;83;Marker labels incorrect for RICHIAMATI/RICHIAMATA/INDIVIDUATA/VERIFICATA (wrong gender/number).;"All narrative content present and ordered correctly; no extraneous noise; boundary stops before DELIBERA as required."
ATTO_050;DOCLING;JSON;pdf_text_layer;100;50;20;25;70;48;Missing introductory narrative before PREMESSO | Missing second CONSIDERATO block | Missing second PRESO ATTO block | Missing second VISTO block (list of laws) | Missing ACQUISITI i pareri block | Incomplete economic table after VISTO (only heading shown) | Incorrectly included DELIBERA marker as narrative block | Semicolons added at end of each block (noise);"All canonical markers present are correct; however, recall is low due to omissions. Boundary errors affect both start and end. Text fidelity suffers from missing content and formatting changes. Noise includes device marker and extra punctuation."
ATTO_050;DOCLING;MARKDOWN;pdf_text_layer;100;50;20;20;70;44;Missing introductory narrative before PREMESSO | Missing second CONSIDERATO block | Missing second PRESO ATTO block | Missing second VISTO block (list of laws) | Missing ACQUISITI i pareri block | Incomplete economic table after VISTO (only heading shown) | Incorrectly included DELIBERA marker as narrative block | Lost list formatting (bullets/dashes) reducing fidelity | Missing semicolons (minor) but overall text less faithful;"Similar omissions as JSON candidate; additionally, the loss of bullet-point formatting reduces text fidelity slightly further. Noise remains due to device marker inclusion."
